user_id,event_name,event_timestamp
1,registration_completed,2026-07-05
2,registration_completed,2026-05-11
2,kyc_started,2026-05-12
2,kyc_completed,2026-05-13
3,registration_completed,2026-06-02
4,registration_completed,2026-05-29
4,kyc_started,2026-05-30
5,registration_completed,2026-07-14
6,registration_completed,2026-07-08
6,kyc_started,2026-07-09
6,kyc_completed,2026-07-10
6,bank_account_linked,2026-07-11
6,first_deposit,2026-07-12
6,first_transaction,2026-07-13
7,registration_completed,2026-07-28
7,kyc_started,2026-07-29
7,kyc_completed,2026-07-30
8,registration_completed,2026-05-16
8,kyc_started,2026-05-17
8,kyc_completed,2026-05-18
9,registration_completed,2026-06-15
9,kyc_started,2026-06-16
9,kyc_completed,2026-06-17
9,bank_account_linked,2026-06-18
9,first_deposit,2026-06-19
9,first_transaction,2026-06-20
10,registration_completed,2026-05-11
10,kyc_started,2026-05-12
10,kyc_completed,2026-05-13
10,bank_account_linked,2026-05-14
10,first_deposit,2026-05-15
10,first_transaction,2026-05-16
11,registration_completed,2026-05-28
11,kyc_started,2026-05-29
11,kyc_completed,2026-05-30
11,bank_account_linked,2026-05-31
11,first_deposit,2026-06-01
11,first_transaction,2026-06-02
12,registration_completed,2026-06-23
12,kyc_started,2026-06-24
13,registration_completed,2026-05-11
13,kyc_started,2026-05-12
13,kyc_completed,2026-05-13
14,registration_completed,2026-05-26
14,kyc_started,2026-05-27
15,registration_completed,2026-07-06
15,kyc_started,2026-07-07
15,kyc_completed,2026-07-08
15,bank_account_linked,2026-07-09
15,first_deposit,2026-07-10
15,first_transaction,2026-07-11
16,registration_completed,2026-06-27
16,kyc_started,2026-06-28
16,kyc_completed,2026-06-29
16,bank_account_linked,2026-06-30
16,first_deposit,2026-07-01
16,first_transaction,2026-07-02
17,registration_completed,2026-05-28
17,kyc_started,2026-05-29
17,kyc_completed,2026-05-30
17,bank_account_linked,2026-05-31
17,first_deposit,2026-06-01
17,first_transaction,2026-06-02
18,registration_completed,2026-07-01
18,kyc_started,2026-07-02
18,kyc_completed,2026-07-03
19,registration_completed,2026-07-20
19,kyc_started,2026-07-21
19,kyc_completed,2026-07-22
19,bank_account_linked,2026-07-23
19,first_deposit,2026-07-24
20,registration_completed,2026-05-09
20,kyc_started,2026-05-10
21,registration_completed,2026-07-20
21,kyc_started,2026-07-21
21,kyc_completed,2026-07-22
21,bank_account_linked,2026-07-23
21,first_deposit,2026-07-24
22,registration_completed,2026-07-10
22,kyc_started,2026-07-11
22,kyc_completed,2026-07-12
22,bank_account_linked,2026-07-13
22,first_deposit,2026-07-14
23,registration_completed,2026-06-08
23,kyc_started,2026-06-09
24,registration_completed,2026-05-22
24,kyc_started,2026-05-23
25,registration_completed,2026-08-03
25,kyc_started,2026-08-04
25,kyc_completed,2026-08-05
25,bank_account_linked,2026-08-06
25,first_deposit,2026-08-07
25,first_transaction,2026-08-08
26,registration_completed,2026-06-08
26,kyc_started,2026-06-09
26,kyc_completed,2026-06-10
27,registration_completed,2026-05-17
27,kyc_started,2026-05-18
27,kyc_completed,2026-05-19
27,bank_account_linked,2026-05-20
27,first_deposit,2026-05-21
27,first_transaction,2026-05-22
28,registration_completed,2026-05-17
28,kyc_started,2026-05-18
28,kyc_completed,2026-05-19
28,bank_account_linked,2026-05-20
29,registration_completed,2026-07-24
29,kyc_started,2026-07-25
30,registration_completed,2026-07-02
30,kyc_started,2026-07-03
30,kyc_completed,2026-07-04
30,bank_account_linked,2026-07-05
30,first_deposit,2026-07-06
30,first_transaction,2026-07-07
31,registration_completed,2026-07-20
31,kyc_started,2026-07-21
31,kyc_completed,2026-07-22
31,bank_account_linked,2026-07-23
32,registration_completed,2026-07-13
32,kyc_started,2026-07-14
32,kyc_completed,2026-07-15
33,registration_completed,2026-06-26
33,kyc_started,2026-06-27
34,registration_completed,2026-08-04
35,registration_completed,2026-06-12
36,registration_completed,2026-06-27
36,kyc_started,2026-06-28
36,kyc_completed,2026-06-29
36,bank_account_linked,2026-06-30
36,first_deposit,2026-07-01
36,first_transaction,2026-07-02
37,registration_completed,2026-07-22
37,kyc_started,2026-07-23
37,kyc_completed,2026-07-24
37,bank_account_linked,2026-07-25
37,first_deposit,2026-07-26
37,first_transaction,2026-07-27
38,registration_completed,2026-07-03
39,registration_completed,2026-07-25
39,kyc_started,2026-07-26
39,kyc_completed,2026-07-27
39,bank_account_linked,2026-07-28
39,first_deposit,2026-07-29
39,first_transaction,2026-07-30
40,registration_completed,2026-06-29
40,kyc_started,2026-06-30
40,kyc_completed,2026-07-01
40,bank_account_linked,2026-07-02
41,registration_completed,2026-07-11
42,registration_completed,2026-05-13
42,kyc_started,2026-05-14
43,registration_completed,2026-05-29
43,kyc_started,2026-05-30
43,kyc_completed,2026-05-31
43,bank_account_linked,2026-06-01
43,first_deposit,2026-06-02
43,first_transaction,2026-06-03
44,registration_completed,2026-06-04
44,kyc_started,2026-06-05
44,kyc_completed,2026-06-06
44,bank_account_linked,2026-06-07
44,first_deposit,2026-06-08
45,registration_completed,2026-05-16
45,kyc_started,2026-05-17
45,kyc_completed,2026-05-18
45,bank_account_linked,2026-05-19
45,first_deposit,2026-05-20
45,first_transaction,2026-05-21
46,registration_completed,2026-05-29
46,kyc_started,2026-05-30
46,kyc_completed,2026-05-31
46,bank_account_linked,2026-06-01
46,first_deposit,2026-06-02
46,first_transaction,2026-06-03
47,registration_completed,2026-05-18
47,kyc_started,2026-05-19
47,kyc_completed,2026-05-20
47,bank_account_linked,2026-05-21
48,registration_completed,2026-06-03
48,kyc_started,2026-06-04
48,kyc_completed,2026-06-05
48,bank_account_linked,2026-06-06
48,first_deposit,2026-06-07
48,first_transaction,2026-06-08
49,registration_completed,2026-07-05
49,kyc_started,2026-07-06
49,kyc_completed,2026-07-07
49,bank_account_linked,2026-07-08
49,first_deposit,2026-07-09
50,registration_completed,2026-06-10
50,kyc_started,2026-06-11
50,kyc_completed,2026-06-12
50,bank_account_linked,2026-06-13
50,first_deposit,2026-06-14
51,registration_completed,2026-06-11
51,kyc_started,2026-06-12
51,kyc_completed,2026-06-13
51,bank_account_linked,2026-06-14
52,registration_completed,2026-05-27
52,kyc_started,2026-05-28
53,registration_completed,2026-06-02
53,kyc_started,2026-06-03
53,kyc_completed,2026-06-04
53,bank_account_linked,2026-06-05
54,registration_completed,2026-08-01
54,kyc_started,2026-08-02
54,kyc_completed,2026-08-03
54,bank_account_linked,2026-08-04
54,first_deposit,2026-08-05
54,first_transaction,2026-08-06
55,registration_completed,2026-07-06
55,kyc_started,2026-07-07
55,kyc_completed,2026-07-08
56,registration_completed,2026-07-02
57,registration_completed,2026-05-24
57,kyc_started,2026-05-25
57,kyc_completed,2026-05-26
57,bank_account_linked,2026-05-27
57,first_deposit,2026-05-28
57,first_transaction,2026-05-29
58,registration_completed,2026-07-13
58,kyc_started,2026-07-14
58,kyc_completed,2026-07-15
59,registration_completed,2026-05-23
59,kyc_started,2026-05-24
59,kyc_completed,2026-05-25
59,bank_account_linked,2026-05-26
60,registration_completed,2026-06-12
61,registration_completed,2026-08-06
61,kyc_started,2026-08-07
61,kyc_completed,2026-08-08
61,bank_account_linked,2026-08-09
61,first_deposit,2026-08-10
61,first_transaction,2026-08-11
62,registration_completed,2026-07-05
62,kyc_started,2026-07-06
62,kyc_completed,2026-07-07
63,registration_completed,2026-06-28
64,registration_completed,2026-07-09
64,kyc_started,2026-07-10
64,kyc_completed,2026-07-11
64,bank_account_linked,2026-07-12
64,first_deposit,2026-07-13
64,first_transaction,2026-07-14
65,registration_completed,2026-07-23
65,kyc_started,2026-07-24
65,kyc_completed,2026-07-25
65,bank_account_linked,2026-07-26
65,first_deposit,2026-07-27
65,first_transaction,2026-07-28
66,registration_completed,2026-07-17
66,kyc_started,2026-07-18
67,registration_completed,2026-05-29
67,kyc_started,2026-05-30
67,kyc_completed,2026-05-31
67,bank_account_linked,2026-06-01
67,first_deposit,2026-06-02
67,first_transaction,2026-06-03
68,registration_completed,2026-05-11
69,registration_completed,2026-06-06
69,kyc_started,2026-06-07
69,kyc_completed,2026-06-08
69,bank_account_linked,2026-06-09
69,first_deposit,2026-06-10
69,first_transaction,2026-06-11
70,registration_completed,2026-06-02
70,kyc_started,2026-06-03
70,kyc_completed,2026-06-04
71,registration_completed,2026-05-27
71,kyc_started,2026-05-28
71,kyc_completed,2026-05-29
71,bank_account_linked,2026-05-30
72,registration_completed,2026-08-01
72,kyc_started,2026-08-02
72,kyc_completed,2026-08-03
72,bank_account_linked,2026-08-04
72,first_deposit,2026-08-05
72,first_transaction,2026-08-06
73,registration_completed,2026-07-26
73,kyc_started,2026-07-27
74,registration_completed,2026-06-06
74,kyc_started,2026-06-07
74,kyc_completed,2026-06-08
74,bank_account_linked,2026-06-09
74,first_deposit,2026-06-10
74,first_transaction,2026-06-11
75,registration_completed,2026-07-06
75,kyc_started,2026-07-07
75,kyc_completed,2026-07-08
75,bank_account_linked,2026-07-09
75,first_deposit,2026-07-10
75,first_transaction,2026-07-11
76,registration_completed,2026-06-13
77,registration_completed,2026-07-30
78,registration_completed,2026-06-19
79,registration_completed,2026-06-01
79,kyc_started,2026-06-02
79,kyc_completed,2026-06-03
79,bank_account_linked,2026-06-04
80,registration_completed,2026-05-31
80,kyc_started,2026-06-01
81,registration_completed,2026-06-28
81,kyc_started,2026-06-29
81,kyc_completed,2026-06-30
81,bank_account_linked,2026-07-01
81,first_deposit,2026-07-02
81,first_transaction,2026-07-03
82,registration_completed,2026-06-01
82,kyc_started,2026-06-02
82,kyc_completed,2026-06-03
82,bank_account_linked,2026-06-04
82,first_deposit,2026-06-05
82,first_transaction,2026-06-06
83,registration_completed,2026-06-30
83,kyc_started,2026-07-01
83,kyc_completed,2026-07-02
83,bank_account_linked,2026-07-03
83,first_deposit,2026-07-04
84,registration_completed,2026-07-28
84,kyc_started,2026-07-29
85,registration_completed,2026-06-13
85,kyc_started,2026-06-14
86,registration_completed,2026-05-28
87,registration_completed,2026-08-06
88,registration_completed,2026-06-23
88,kyc_started,2026-06-24
89,registration_completed,2026-05-17
89,kyc_started,2026-05-18
89,kyc_completed,2026-05-19
89,bank_account_linked,2026-05-20
90,registration_completed,2026-05-13
90,kyc_started,2026-05-14
90,kyc_completed,2026-05-15
90,bank_account_linked,2026-05-16
90,first_deposit,2026-05-17
90,first_transaction,2026-05-18
91,registration_completed,2026-05-18
91,kyc_started,2026-05-19
91,kyc_completed,2026-05-20
92,registration_completed,2026-07-04
92,kyc_started,2026-07-05
92,kyc_completed,2026-07-06
92,bank_account_linked,2026-07-07
92,first_deposit,2026-07-08
92,first_transaction,2026-07-09
93,registration_completed,2026-07-19
93,kyc_started,2026-07-20
93,kyc_completed,2026-07-21
93,bank_account_linked,2026-07-22
93,first_deposit,2026-07-23
94,registration_completed,2026-06-15
95,registration_completed,2026-05-14
95,kyc_started,2026-05-15
95,kyc_completed,2026-05-16
95,bank_account_linked,2026-05-17
95,first_deposit,2026-05-18
95,first_transaction,2026-05-19
96,registration_completed,2026-06-12
96,kyc_started,2026-06-13
97,registration_completed,2026-08-06
97,kyc_started,2026-08-07
97,kyc_completed,2026-08-08
97,bank_account_linked,2026-08-09
97,first_deposit,2026-08-10
97,first_transaction,2026-08-11
98,registration_completed,2026-06-25
98,kyc_started,2026-06-26
99,registration_completed,2026-08-04
99,kyc_started,2026-08-05
99,kyc_completed,2026-08-06
99,bank_account_linked,2026-08-07
99,first_deposit,2026-08-08
99,first_transaction,2026-08-09
100,registration_completed,2026-07-25
100,kyc_started,2026-07-26
101,registration_completed,2026-05-10
101,kyc_started,2026-05-11
101,kyc_completed,2026-05-12
101,bank_account_linked,2026-05-13
102,registration_completed,2026-07-12
102,kyc_started,2026-07-13
102,kyc_completed,2026-07-14
102,bank_account_linked,2026-07-15
103,registration_completed,2026-07-09
103,kyc_started,2026-07-10
103,kyc_completed,2026-07-11
103,bank_account_linked,2026-07-12
103,first_deposit,2026-07-13
103,first_transaction,2026-07-14
104,registration_completed,2026-06-26
104,kyc_started,2026-06-27
104,kyc_completed,2026-06-28
104,bank_account_linked,2026-06-29
104,first_deposit,2026-06-30
104,first_transaction,2026-07-01
105,registration_completed,2026-06-02
105,kyc_started,2026-06-03
105,kyc_completed,2026-06-04
105,bank_account_linked,2026-06-05
106,registration_completed,2026-07-05
106,kyc_started,2026-07-06
106,kyc_completed,2026-07-07
106,bank_account_linked,2026-07-08
106,first_deposit,2026-07-09
106,first_transaction,2026-07-10
107,registration_completed,2026-05-19
107,kyc_started,2026-05-20
107,kyc_completed,2026-05-21
107,bank_account_linked,2026-05-22
107,first_deposit,2026-05-23
107,first_transaction,2026-05-24
108,registration_completed,2026-06-17
108,kyc_started,2026-06-18
108,kyc_completed,2026-06-19
108,bank_account_linked,2026-06-20
108,first_deposit,2026-06-21
108,first_transaction,2026-06-22
109,registration_completed,2026-06-18
110,registration_completed,2026-08-02
110,kyc_started,2026-08-03
110,kyc_completed,2026-08-04
110,bank_account_linked,2026-08-05
110,first_deposit,2026-08-06
110,first_transaction,2026-08-07
111,registration_completed,2026-07-26
111,kyc_started,2026-07-27
111,kyc_completed,2026-07-28
112,registration_completed,2026-06-01
113,registration_completed,2026-06-23
113,kyc_started,2026-06-24
113,kyc_completed,2026-06-25
113,bank_account_linked,2026-06-26
113,first_deposit,2026-06-27
114,registration_completed,2026-05-25
114,kyc_started,2026-05-26
114,kyc_completed,2026-05-27
114,bank_account_linked,2026-05-28
114,first_deposit,2026-05-29
114,first_transaction,2026-05-30
115,registration_completed,2026-07-30
115,kyc_started,2026-07-31
115,kyc_completed,2026-08-01
115,bank_account_linked,2026-08-02
116,registration_completed,2026-07-26
116,kyc_started,2026-07-27
116,kyc_completed,2026-07-28
116,bank_account_linked,2026-07-29
117,registration_completed,2026-06-04
117,kyc_started,2026-06-05
117,kyc_completed,2026-06-06
118,registration_completed,2026-07-05
118,kyc_started,2026-07-06
118,kyc_completed,2026-07-07
119,registration_completed,2026-07-02
120,registration_completed,2026-05-22
121,registration_completed,2026-07-16
121,kyc_started,2026-07-17
121,kyc_completed,2026-07-18
121,bank_account_linked,2026-07-19
121,first_deposit,2026-07-20
122,registration_completed,2026-06-26
123,registration_completed,2026-07-18
123,kyc_started,2026-07-19
123,kyc_completed,2026-07-20
123,bank_account_linked,2026-07-21
123,first_deposit,2026-07-22
124,registration_completed,2026-06-25
125,registration_completed,2026-05-09
125,kyc_started,2026-05-10
125,kyc_completed,2026-05-11
125,bank_account_linked,2026-05-12
125,first_deposit,2026-05-13
125,first_transaction,2026-05-14
126,registration_completed,2026-06-07
126,kyc_started,2026-06-08
126,kyc_completed,2026-06-09
127,registration_completed,2026-05-10
127,kyc_started,2026-05-11
127,kyc_completed,2026-05-12
127,bank_account_linked,2026-05-13
128,registration_completed,2026-07-31
128,kyc_started,2026-08-01
128,kyc_completed,2026-08-02
128,bank_account_linked,2026-08-03
129,registration_completed,2026-07-27
129,kyc_started,2026-07-28
129,kyc_completed,2026-07-29
130,registration_completed,2026-07-22
130,kyc_started,2026-07-23
130,kyc_completed,2026-07-24
130,bank_account_linked,2026-07-25
130,first_deposit,2026-07-26
130,first_transaction,2026-07-27
131,registration_completed,2026-06-05
131,kyc_started,2026-06-06
132,registration_completed,2026-05-14
133,registration_completed,2026-07-27
133,kyc_started,2026-07-28
134,registration_completed,2026-08-02
134,kyc_started,2026-08-03
134,kyc_completed,2026-08-04
135,registration_completed,2026-05-16
135,kyc_started,2026-05-17
135,kyc_completed,2026-05-18
135,bank_account_linked,2026-05-19
135,first_deposit,2026-05-20
136,registration_completed,2026-06-21
136,kyc_started,2026-06-22
136,kyc_completed,2026-06-23
136,bank_account_linked,2026-06-24
136,first_deposit,2026-06-25
137,registration_completed,2026-05-15
138,registration_completed,2026-07-16
138,kyc_started,2026-07-17
138,kyc_completed,2026-07-18
138,bank_account_linked,2026-07-19
138,first_deposit,2026-07-20
138,first_transaction,2026-07-21
139,registration_completed,2026-07-16
139,kyc_started,2026-07-17
139,kyc_completed,2026-07-18
139,bank_account_linked,2026-07-19
139,first_deposit,2026-07-20
139,first_transaction,2026-07-21
140,registration_completed,2026-05-20
141,registration_completed,2026-06-20
141,kyc_started,2026-06-21
141,kyc_completed,2026-06-22
142,registration_completed,2026-06-27
142,kyc_started,2026-06-28
142,kyc_completed,2026-06-29
142,bank_account_linked,2026-06-30
142,first_deposit,2026-07-01
142,first_transaction,2026-07-02
143,registration_completed,2026-06-01
143,kyc_started,2026-06-02
143,kyc_completed,2026-06-03
143,bank_account_linked,2026-06-04
143,first_deposit,2026-06-05
143,first_transaction,2026-06-06
144,registration_completed,2026-07-26
144,kyc_started,2026-07-27
145,registration_completed,2026-06-16
145,kyc_started,2026-06-17
145,kyc_completed,2026-06-18
145,bank_account_linked,2026-06-19
145,first_deposit,2026-06-20
145,first_transaction,2026-06-21
146,registration_completed,2026-05-28
146,kyc_started,2026-05-29
147,registration_completed,2026-06-26
147,kyc_started,2026-06-27
147,kyc_completed,2026-06-28
147,bank_account_linked,2026-06-29
147,first_deposit,2026-06-30
147,first_transaction,2026-07-01
148,registration_completed,2026-07-13
148,kyc_started,2026-07-14
148,kyc_completed,2026-07-15
149,registration_completed,2026-05-27
149,kyc_started,2026-05-28
150,registration_completed,2026-06-06
150,kyc_started,2026-06-07
150,kyc_completed,2026-06-08
150,bank_account_linked,2026-06-09
150,first_deposit,2026-06-10
150,first_transaction,2026-06-11
151,registration_completed,2026-08-06
151,kyc_started,2026-08-07
152,registration_completed,2026-07-06
152,kyc_started,2026-07-07
152,kyc_completed,2026-07-08
152,bank_account_linked,2026-07-09
152,first_deposit,2026-07-10
152,first_transaction,2026-07-11
153,registration_completed,2026-06-17
153,kyc_started,2026-06-18
153,kyc_completed,2026-06-19
153,bank_account_linked,2026-06-20
153,first_deposit,2026-06-21
153,first_transaction,2026-06-22
154,registration_completed,2026-06-24
154,kyc_started,2026-06-25
154,kyc_completed,2026-06-26
154,bank_account_linked,2026-06-27
154,first_deposit,2026-06-28
154,first_transaction,2026-06-29
155,registration_completed,2026-05-19
156,registration_completed,2026-05-29
156,kyc_started,2026-05-30
157,registration_completed,2026-06-08
157,kyc_started,2026-06-09
157,kyc_completed,2026-06-10
157,bank_account_linked,2026-06-11
157,first_deposit,2026-06-12
157,first_transaction,2026-06-13
158,registration_completed,2026-06-30
159,registration_completed,2026-05-29
159,kyc_started,2026-05-30
160,registration_completed,2026-05-28
160,kyc_started,2026-05-29
160,kyc_completed,2026-05-30
161,registration_completed,2026-05-15
161,kyc_started,2026-05-16
161,kyc_completed,2026-05-17
161,bank_account_linked,2026-05-18
161,first_deposit,2026-05-19
162,registration_completed,2026-07-04
162,kyc_started,2026-07-05
162,kyc_completed,2026-07-06
162,bank_account_linked,2026-07-07
163,registration_completed,2026-05-29
163,kyc_started,2026-05-30
163,kyc_completed,2026-05-31
163,bank_account_linked,2026-06-01
163,first_deposit,2026-06-02
163,first_transaction,2026-06-03
164,registration_completed,2026-07-29
165,registration_completed,2026-07-25
165,kyc_started,2026-07-26
166,registration_completed,2026-05-15
166,kyc_started,2026-05-16
166,kyc_completed,2026-05-17
167,registration_completed,2026-05-30
167,kyc_started,2026-05-31
167,kyc_completed,2026-06-01
167,bank_account_linked,2026-06-02
167,first_deposit,2026-06-03
168,registration_completed,2026-07-08
168,kyc_started,2026-07-09
168,kyc_completed,2026-07-10
168,bank_account_linked,2026-07-11
168,first_deposit,2026-07-12
168,first_transaction,2026-07-13
169,registration_completed,2026-05-28
169,kyc_started,2026-05-29
169,kyc_completed,2026-05-30
170,registration_completed,2026-05-20
170,kyc_started,2026-05-21
170,kyc_completed,2026-05-22
171,registration_completed,2026-08-01
171,kyc_started,2026-08-02
172,registration_completed,2026-06-29
172,kyc_started,2026-06-30
172,kyc_completed,2026-07-01
172,bank_account_linked,2026-07-02
172,first_deposit,2026-07-03
172,first_transaction,2026-07-04
173,registration_completed,2026-06-20
173,kyc_started,2026-06-21
173,kyc_completed,2026-06-22
173,bank_account_linked,2026-06-23
174,registration_completed,2026-07-18
174,kyc_started,2026-07-19
174,kyc_completed,2026-07-20
175,registration_completed,2026-07-20
175,kyc_started,2026-07-21
175,kyc_completed,2026-07-22
175,bank_account_linked,2026-07-23
175,first_deposit,2026-07-24
175,first_transaction,2026-07-25
176,registration_completed,2026-05-26
176,kyc_started,2026-05-27
176,kyc_completed,2026-05-28
177,registration_completed,2026-05-17
177,kyc_started,2026-05-18
177,kyc_completed,2026-05-19
178,registration_completed,2026-06-16
178,kyc_started,2026-06-17
179,registration_completed,2026-06-16
179,kyc_started,2026-06-17
179,kyc_completed,2026-06-18
179,bank_account_linked,2026-06-19
179,first_deposit,2026-06-20
179,first_transaction,2026-06-21
180,registration_completed,2026-06-20
180,kyc_started,2026-06-21
180,kyc_completed,2026-06-22
181,registration_completed,2026-07-13
182,registration_completed,2026-07-08
182,kyc_started,2026-07-09
182,kyc_completed,2026-07-10
182,bank_account_linked,2026-07-11
182,first_deposit,2026-07-12
182,first_transaction,2026-07-13
183,registration_completed,2026-08-05
183,kyc_started,2026-08-06
183,kyc_completed,2026-08-07
183,bank_account_linked,2026-08-08
183,first_deposit,2026-08-09
183,first_transaction,2026-08-10
184,registration_completed,2026-05-17
184,kyc_started,2026-05-18
184,kyc_completed,2026-05-19
184,bank_account_linked,2026-05-20
184,first_deposit,2026-05-21
184,first_transaction,2026-05-22
185,registration_completed,2026-06-14
185,kyc_started,2026-06-15
185,kyc_completed,2026-06-16
185,bank_account_linked,2026-06-17
185,first_deposit,2026-06-18
185,first_transaction,2026-06-19
186,registration_completed,2026-06-08
186,kyc_started,2026-06-09
186,kyc_completed,2026-06-10
186,bank_account_linked,2026-06-11
187,registration_completed,2026-07-25
187,kyc_started,2026-07-26
187,kyc_completed,2026-07-27
187,bank_account_linked,2026-07-28
188,registration_completed,2026-05-31
189,registration_completed,2026-05-26
189,kyc_started,2026-05-27
189,kyc_completed,2026-05-28
189,bank_account_linked,2026-05-29
189,first_deposit,2026-05-30
189,first_transaction,2026-05-31
190,registration_completed,2026-06-18
190,kyc_started,2026-06-19
190,kyc_completed,2026-06-20
190,bank_account_linked,2026-06-21
190,first_deposit,2026-06-22
190,first_transaction,2026-06-23
191,registration_completed,2026-06-15
191,kyc_started,2026-06-16
192,registration_completed,2026-06-03
192,kyc_started,2026-06-04
193,registration_completed,2026-05-31
193,kyc_started,2026-06-01
193,kyc_completed,2026-06-02
193,bank_account_linked,2026-06-03
193,first_deposit,2026-06-04
193,first_transaction,2026-06-05
194,registration_completed,2026-07-31
194,kyc_started,2026-08-01
195,registration_completed,2026-06-17
195,kyc_started,2026-06-18
195,kyc_completed,2026-06-19
196,registration_completed,2026-07-25
196,kyc_started,2026-07-26
197,registration_completed,2026-06-27
197,kyc_started,2026-06-28
197,kyc_completed,2026-06-29
197,bank_account_linked,2026-06-30
198,registration_completed,2026-05-13
198,kyc_started,2026-05-14
198,kyc_completed,2026-05-15
198,bank_account_linked,2026-05-16
198,first_deposit,2026-05-17
198,first_transaction,2026-05-18
199,registration_completed,2026-08-06
199,kyc_started,2026-08-07
200,registration_completed,2026-07-23
200,kyc_started,2026-07-24
200,kyc_completed,2026-07-25
200,bank_account_linked,2026-07-26
200,first_deposit,2026-07-27
200,first_transaction,2026-07-28
201,registration_completed,2026-08-04
201,kyc_started,2026-08-05
202,registration_completed,2026-07-31
202,kyc_started,2026-08-01
202,kyc_completed,2026-08-02
202,bank_account_linked,2026-08-03
203,registration_completed,2026-07-24
203,kyc_started,2026-07-25
203,kyc_completed,2026-07-26
203,bank_account_linked,2026-07-27
203,first_deposit,2026-07-28
203,first_transaction,2026-07-29
204,registration_completed,2026-05-23
204,kyc_started,2026-05-24
204,kyc_completed,2026-05-25
204,bank_account_linked,2026-05-26
204,first_deposit,2026-05-27
205,registration_completed,2026-06-21
205,kyc_started,2026-06-22
205,kyc_completed,2026-06-23
206,registration_completed,2026-05-28
206,kyc_started,2026-05-29
206,kyc_completed,2026-05-30
206,bank_account_linked,2026-05-31
206,first_deposit,2026-06-01
206,first_transaction,2026-06-02
207,registration_completed,2026-06-14
207,kyc_started,2026-06-15
207,kyc_completed,2026-06-16
208,registration_completed,2026-05-14
208,kyc_started,2026-05-15
208,kyc_completed,2026-05-16
208,bank_account_linked,2026-05-17
208,first_deposit,2026-05-18
208,first_transaction,2026-05-19
209,registration_completed,2026-06-12
209,kyc_started,2026-06-13
209,kyc_completed,2026-06-14
209,bank_account_linked,2026-06-15
210,registration_completed,2026-08-05
210,kyc_started,2026-08-06
210,kyc_completed,2026-08-07
210,bank_account_linked,2026-08-08
210,first_deposit,2026-08-09
210,first_transaction,2026-08-10
211,registration_completed,2026-06-01
211,kyc_started,2026-06-02
211,kyc_completed,2026-06-03
212,registration_completed,2026-07-18
212,kyc_started,2026-07-19
213,registration_completed,2026-06-18
214,registration_completed,2026-06-16
214,kyc_started,2026-06-17
214,kyc_completed,2026-06-18
215,registration_completed,2026-08-03
215,kyc_started,2026-08-04
215,kyc_completed,2026-08-05
215,bank_account_linked,2026-08-06
215,first_deposit,2026-08-07
215,first_transaction,2026-08-08
216,registration_completed,2026-08-06
216,kyc_started,2026-08-07
216,kyc_completed,2026-08-08
216,bank_account_linked,2026-08-09
216,first_deposit,2026-08-10
216,first_transaction,2026-08-11
217,registration_completed,2026-06-28
218,registration_completed,2026-07-12
218,kyc_started,2026-07-13
218,kyc_completed,2026-07-14
218,bank_account_linked,2026-07-15
218,first_deposit,2026-07-16
218,first_transaction,2026-07-17
219,registration_completed,2026-05-22
219,kyc_started,2026-05-23
219,kyc_completed,2026-05-24
219,bank_account_linked,2026-05-25
219,first_deposit,2026-05-26
219,first_transaction,2026-05-27
220,registration_completed,2026-06-04
220,kyc_started,2026-06-05
221,registration_completed,2026-08-04
221,kyc_started,2026-08-05
221,kyc_completed,2026-08-06
221,bank_account_linked,2026-08-07
221,first_deposit,2026-08-08
221,first_transaction,2026-08-09
222,registration_completed,2026-06-30
222,kyc_started,2026-07-01
223,registration_completed,2026-06-26
223,kyc_started,2026-06-27
224,registration_completed,2026-07-15
224,kyc_started,2026-07-16
224,kyc_completed,2026-07-17
224,bank_account_linked,2026-07-18
224,first_deposit,2026-07-19
224,first_transaction,2026-07-20
225,registration_completed,2026-05-14
225,kyc_started,2026-05-15
225,kyc_completed,2026-05-16
225,bank_account_linked,2026-05-17
225,first_deposit,2026-05-18
226,registration_completed,2026-06-30
227,registration_completed,2026-06-23
228,registration_completed,2026-07-24
228,kyc_started,2026-07-25
229,registration_completed,2026-05-23
229,kyc_started,2026-05-24
230,registration_completed,2026-08-03
230,kyc_started,2026-08-04
230,kyc_completed,2026-08-05
230,bank_account_linked,2026-08-06
230,first_deposit,2026-08-07
230,first_transaction,2026-08-08
231,registration_completed,2026-05-16
231,kyc_started,2026-05-17
231,kyc_completed,2026-05-18
231,bank_account_linked,2026-05-19
231,first_deposit,2026-05-20
231,first_transaction,2026-05-21
232,registration_completed,2026-05-25
233,registration_completed,2026-07-01
234,registration_completed,2026-07-08
234,kyc_started,2026-07-09
234,kyc_completed,2026-07-10
234,bank_account_linked,2026-07-11
234,first_deposit,2026-07-12
234,first_transaction,2026-07-13
235,registration_completed,2026-05-30
235,kyc_started,2026-05-31
235,kyc_completed,2026-06-01
235,bank_account_linked,2026-06-02
235,first_deposit,2026-06-03
236,registration_completed,2026-05-19
236,kyc_started,2026-05-20
236,kyc_completed,2026-05-21
236,bank_account_linked,2026-05-22
236,first_deposit,2026-05-23
236,first_transaction,2026-05-24
237,registration_completed,2026-07-28
237,kyc_started,2026-07-29
237,kyc_completed,2026-07-30
238,registration_completed,2026-05-31
238,kyc_started,2026-06-01
238,kyc_completed,2026-06-02
238,bank_account_linked,2026-06-03
238,first_deposit,2026-06-04
238,first_transaction,2026-06-05
239,registration_completed,2026-07-01
239,kyc_started,2026-07-02
239,kyc_completed,2026-07-03
239,bank_account_linked,2026-07-04
239,first_deposit,2026-07-05
239,first_transaction,2026-07-06
240,registration_completed,2026-07-03
240,kyc_started,2026-07-04
240,kyc_completed,2026-07-05
241,registration_completed,2026-06-15
242,registration_completed,2026-06-30
242,kyc_started,2026-07-01
242,kyc_completed,2026-07-02
243,registration_completed,2026-06-25
243,kyc_started,2026-06-26
243,kyc_completed,2026-06-27
243,bank_account_linked,2026-06-28
243,first_deposit,2026-06-29
243,first_transaction,2026-06-30
244,registration_completed,2026-08-01
244,kyc_started,2026-08-02
244,kyc_completed,2026-08-03
244,bank_account_linked,2026-08-04
244,first_deposit,2026-08-05
244,first_transaction,2026-08-06
245,registration_completed,2026-05-27
245,kyc_started,2026-05-28
245,kyc_completed,2026-05-29
245,bank_account_linked,2026-05-30
245,first_deposit,2026-05-31
245,first_transaction,2026-06-01
246,registration_completed,2026-07-12
247,registration_completed,2026-05-30
247,kyc_started,2026-05-31
247,kyc_completed,2026-06-01
247,bank_account_linked,2026-06-02
247,first_deposit,2026-06-03
248,registration_completed,2026-06-13
248,kyc_started,2026-06-14
248,kyc_completed,2026-06-15
249,registration_completed,2026-07-08
249,kyc_started,2026-07-09
249,kyc_completed,2026-07-10
249,bank_account_linked,2026-07-11
249,first_deposit,2026-07-12
249,first_transaction,2026-07-13
250,registration_completed,2026-06-04
251,registration_completed,2026-06-06
251,kyc_started,2026-06-07
251,kyc_completed,2026-06-08
251,bank_account_linked,2026-06-09
251,first_deposit,2026-06-10
252,registration_completed,2026-07-15
252,kyc_started,2026-07-16
253,registration_completed,2026-05-15
253,kyc_started,2026-05-16
253,kyc_completed,2026-05-17
253,bank_account_linked,2026-05-18
253,first_deposit,2026-05-19
253,first_transaction,2026-05-20
254,registration_completed,2026-06-19
254,kyc_started,2026-06-20
255,registration_completed,2026-08-06
256,registration_completed,2026-08-06
256,kyc_started,2026-08-07
256,kyc_completed,2026-08-08
256,bank_account_linked,2026-08-09
256,first_deposit,2026-08-10
256,first_transaction,2026-08-11
257,registration_completed,2026-05-15
257,kyc_started,2026-05-16
258,registration_completed,2026-05-28
258,kyc_started,2026-05-29
258,kyc_completed,2026-05-30
259,registration_completed,2026-06-01
259,kyc_started,2026-06-02
259,kyc_completed,2026-06-03
259,bank_account_linked,2026-06-04
259,first_deposit,2026-06-05
259,first_transaction,2026-06-06
260,registration_completed,2026-07-31
260,kyc_started,2026-08-01
260,kyc_completed,2026-08-02
261,registration_completed,2026-07-27
261,kyc_started,2026-07-28
262,registration_completed,2026-07-27
263,registration_completed,2026-06-11
263,kyc_started,2026-06-12
263,kyc_completed,2026-06-13
263,bank_account_linked,2026-06-14
264,registration_completed,2026-05-23
264,kyc_started,2026-05-24
264,kyc_completed,2026-05-25
264,bank_account_linked,2026-05-26
264,first_deposit,2026-05-27
264,first_transaction,2026-05-28
265,registration_completed,2026-07-23
265,kyc_started,2026-07-24
265,kyc_completed,2026-07-25
265,bank_account_linked,2026-07-26
266,registration_completed,2026-07-11
266,kyc_started,2026-07-12
266,kyc_completed,2026-07-13
267,registration_completed,2026-07-03
267,kyc_started,2026-07-04
267,kyc_completed,2026-07-05
268,registration_completed,2026-08-05
268,kyc_started,2026-08-06
268,kyc_completed,2026-08-07
269,registration_completed,2026-07-06
269,kyc_started,2026-07-07
270,registration_completed,2026-05-09
270,kyc_started,2026-05-10
270,kyc_completed,2026-05-11
270,bank_account_linked,2026-05-12
270,first_deposit,2026-05-13
270,first_transaction,2026-05-14
271,registration_completed,2026-07-21
271,kyc_started,2026-07-22
271,kyc_completed,2026-07-23
272,registration_completed,2026-06-04
272,kyc_started,2026-06-05
272,kyc_completed,2026-06-06
272,bank_account_linked,2026-06-07
272,first_deposit,2026-06-08
272,first_transaction,2026-06-09
273,registration_completed,2026-07-07
273,kyc_started,2026-07-08
273,kyc_completed,2026-07-09
273,bank_account_linked,2026-07-10
273,first_deposit,2026-07-11
273,first_transaction,2026-07-12
274,registration_completed,2026-08-01
274,kyc_started,2026-08-02
274,kyc_completed,2026-08-03
274,bank_account_linked,2026-08-04
274,first_deposit,2026-08-05
275,registration_completed,2026-05-21
275,kyc_started,2026-05-22
275,kyc_completed,2026-05-23
276,registration_completed,2026-05-19
276,kyc_started,2026-05-20
276,kyc_completed,2026-05-21
277,registration_completed,2026-05-18
277,kyc_started,2026-05-19
278,registration_completed,2026-06-27
278,kyc_started,2026-06-28
279,registration_completed,2026-06-02
280,registration_completed,2026-07-02
280,kyc_started,2026-07-03
280,kyc_completed,2026-07-04
280,bank_account_linked,2026-07-05
280,first_deposit,2026-07-06
280,first_transaction,2026-07-07
281,registration_completed,2026-07-12
281,kyc_started,2026-07-13
281,kyc_completed,2026-07-14
281,bank_account_linked,2026-07-15
281,first_deposit,2026-07-16
281,first_transaction,2026-07-17
282,registration_completed,2026-05-27
282,kyc_started,2026-05-28
282,kyc_completed,2026-05-29
282,bank_account_linked,2026-05-30
283,registration_completed,2026-07-05
283,kyc_started,2026-07-06
283,kyc_completed,2026-07-07
283,bank_account_linked,2026-07-08
283,first_deposit,2026-07-09
283,first_transaction,2026-07-10
284,registration_completed,2026-06-01
284,kyc_started,2026-06-02
285,registration_completed,2026-06-21
285,kyc_started,2026-06-22
286,registration_completed,2026-07-29
286,kyc_started,2026-07-30
286,kyc_completed,2026-07-31
287,registration_completed,2026-07-24
287,kyc_started,2026-07-25
288,registration_completed,2026-05-17
288,kyc_started,2026-05-18
288,kyc_completed,2026-05-19
288,bank_account_linked,2026-05-20
288,first_deposit,2026-05-21
289,registration_completed,2026-06-16
289,kyc_started,2026-06-17
289,kyc_completed,2026-06-18
290,registration_completed,2026-06-02
290,kyc_started,2026-06-03
290,kyc_completed,2026-06-04
290,bank_account_linked,2026-06-05
291,registration_completed,2026-05-09
291,kyc_started,2026-05-10
291,kyc_completed,2026-05-11
292,registration_completed,2026-07-17
292,kyc_started,2026-07-18
292,kyc_completed,2026-07-19
292,bank_account_linked,2026-07-20
292,first_deposit,2026-07-21
293,registration_completed,2026-07-05
293,kyc_started,2026-07-06
293,kyc_completed,2026-07-07
293,bank_account_linked,2026-07-08
293,first_deposit,2026-07-09
293,first_transaction,2026-07-10
294,registration_completed,2026-06-01
295,registration_completed,2026-07-14
295,kyc_started,2026-07-15
295,kyc_completed,2026-07-16
295,bank_account_linked,2026-07-17
295,first_deposit,2026-07-18
295,first_transaction,2026-07-19
296,registration_completed,2026-06-27
296,kyc_started,2026-06-28
296,kyc_completed,2026-06-29
296,bank_account_linked,2026-06-30
296,first_deposit,2026-07-01
296,first_transaction,2026-07-02
297,registration_completed,2026-06-16
297,kyc_started,2026-06-17
298,registration_completed,2026-05-09
298,kyc_started,2026-05-10
298,kyc_completed,2026-05-11
298,bank_account_linked,2026-05-12
298,first_deposit,2026-05-13
298,first_transaction,2026-05-14
299,registration_completed,2026-05-15
299,kyc_started,2026-05-16
299,kyc_completed,2026-05-17
299,bank_account_linked,2026-05-18
300,registration_completed,2026-07-27
300,kyc_started,2026-07-28
300,kyc_completed,2026-07-29
300,bank_account_linked,2026-07-30
300,first_deposit,2026-07-31
300,first_transaction,2026-08-01
301,registration_completed,2026-07-29
301,kyc_started,2026-07-30
301,kyc_completed,2026-07-31
302,registration_completed,2026-06-27
302,kyc_started,2026-06-28
302,kyc_completed,2026-06-29
302,bank_account_linked,2026-06-30
302,first_deposit,2026-07-01
303,registration_completed,2026-07-23
303,kyc_started,2026-07-24
303,kyc_completed,2026-07-25
304,registration_completed,2026-06-30
305,registration_completed,2026-05-22
305,kyc_started,2026-05-23
305,kyc_completed,2026-05-24
306,registration_completed,2026-05-20
306,kyc_started,2026-05-21
306,kyc_completed,2026-05-22
306,bank_account_linked,2026-05-23
306,first_deposit,2026-05-24
306,first_transaction,2026-05-25
307,registration_completed,2026-06-05
307,kyc_started,2026-06-06
308,registration_completed,2026-07-28
308,kyc_started,2026-07-29
308,kyc_completed,2026-07-30
308,bank_account_linked,2026-07-31
308,first_deposit,2026-08-01
308,first_transaction,2026-08-02
309,registration_completed,2026-07-19
309,kyc_started,2026-07-20
309,kyc_completed,2026-07-21
309,bank_account_linked,2026-07-22
310,registration_completed,2026-07-25
310,kyc_started,2026-07-26
310,kyc_completed,2026-07-27
310,bank_account_linked,2026-07-28
311,registration_completed,2026-07-28
311,kyc_started,2026-07-29
311,kyc_completed,2026-07-30
311,bank_account_linked,2026-07-31
311,first_deposit,2026-08-01
311,first_transaction,2026-08-02
312,registration_completed,2026-05-27
313,registration_completed,2026-05-31
314,registration_completed,2026-05-18
314,kyc_started,2026-05-19
314,kyc_completed,2026-05-20
315,registration_completed,2026-07-18
315,kyc_started,2026-07-19
315,kyc_completed,2026-07-20
315,bank_account_linked,2026-07-21
315,first_deposit,2026-07-22
315,first_transaction,2026-07-23
316,registration_completed,2026-07-27
316,kyc_started,2026-07-28
317,registration_completed,2026-06-14
317,kyc_started,2026-06-15
317,kyc_completed,2026-06-16
317,bank_account_linked,2026-06-17
317,first_deposit,2026-06-18
317,first_transaction,2026-06-19
318,registration_completed,2026-07-03
318,kyc_started,2026-07-04
318,kyc_completed,2026-07-05
318,bank_account_linked,2026-07-06
319,registration_completed,2026-05-22
319,kyc_started,2026-05-23
319,kyc_completed,2026-05-24
319,bank_account_linked,2026-05-25
319,first_deposit,2026-05-26
319,first_transaction,2026-05-27
320,registration_completed,2026-07-31
320,kyc_started,2026-08-01
320,kyc_completed,2026-08-02
321,registration_completed,2026-07-25
321,kyc_started,2026-07-26
321,kyc_completed,2026-07-27
321,bank_account_linked,2026-07-28
321,first_deposit,2026-07-29
321,first_transaction,2026-07-30
322,registration_completed,2026-08-04
322,kyc_started,2026-08-05
322,kyc_completed,2026-08-06
322,bank_account_linked,2026-08-07
322,first_deposit,2026-08-08
322,first_transaction,2026-08-09
323,registration_completed,2026-07-20
323,kyc_started,2026-07-21
323,kyc_completed,2026-07-22
324,registration_completed,2026-07-27
324,kyc_started,2026-07-28
324,kyc_completed,2026-07-29
324,bank_account_linked,2026-07-30
324,first_deposit,2026-07-31
324,first_transaction,2026-08-01
325,registration_completed,2026-05-11
325,kyc_started,2026-05-12
325,kyc_completed,2026-05-13
325,bank_account_linked,2026-05-14
326,registration_completed,2026-07-14
327,registration_completed,2026-06-07
327,kyc_started,2026-06-08
327,kyc_completed,2026-06-09
327,bank_account_linked,2026-06-10
327,first_deposit,2026-06-11
327,first_transaction,2026-06-12
328,registration_completed,2026-07-31
328,kyc_started,2026-08-01
329,registration_completed,2026-07-20
329,kyc_started,2026-07-21
329,kyc_completed,2026-07-22
329,bank_account_linked,2026-07-23
329,first_deposit,2026-07-24
329,first_transaction,2026-07-25
330,registration_completed,2026-07-25
330,kyc_started,2026-07-26
330,kyc_completed,2026-07-27
330,bank_account_linked,2026-07-28
330,first_deposit,2026-07-29
330,first_transaction,2026-07-30
331,registration_completed,2026-07-20
331,kyc_started,2026-07-21
331,kyc_completed,2026-07-22
331,bank_account_linked,2026-07-23
331,first_deposit,2026-07-24
331,first_transaction,2026-07-25
332,registration_completed,2026-06-02
332,kyc_started,2026-06-03
333,registration_completed,2026-07-18
333,kyc_started,2026-07-19
333,kyc_completed,2026-07-20
333,bank_account_linked,2026-07-21
333,first_deposit,2026-07-22
333,first_transaction,2026-07-23
334,registration_completed,2026-05-18
334,kyc_started,2026-05-19
335,registration_completed,2026-07-26
335,kyc_started,2026-07-27
335,kyc_completed,2026-07-28
336,registration_completed,2026-07-25
336,kyc_started,2026-07-26
336,kyc_completed,2026-07-27
337,registration_completed,2026-05-29
337,kyc_started,2026-05-30
337,kyc_completed,2026-05-31
338,registration_completed,2026-07-21
339,registration_completed,2026-06-19
339,kyc_started,2026-06-20
339,kyc_completed,2026-06-21
339,bank_account_linked,2026-06-22
340,registration_completed,2026-06-05
341,registration_completed,2026-07-19
341,kyc_started,2026-07-20
341,kyc_completed,2026-07-21
341,bank_account_linked,2026-07-22
341,first_deposit,2026-07-23
341,first_transaction,2026-07-24
342,registration_completed,2026-05-29
342,kyc_started,2026-05-30
342,kyc_completed,2026-05-31
342,bank_account_linked,2026-06-01
342,first_deposit,2026-06-02
342,first_transaction,2026-06-03
343,registration_completed,2026-05-11
344,registration_completed,2026-05-26
344,kyc_started,2026-05-27
344,kyc_completed,2026-05-28
345,registration_completed,2026-06-07
345,kyc_started,2026-06-08
345,kyc_completed,2026-06-09
345,bank_account_linked,2026-06-10
345,first_deposit,2026-06-11
345,first_transaction,2026-06-12
346,registration_completed,2026-07-25
346,kyc_started,2026-07-26
346,kyc_completed,2026-07-27
346,bank_account_linked,2026-07-28
346,first_deposit,2026-07-29
346,first_transaction,2026-07-30
347,registration_completed,2026-08-04
348,registration_completed,2026-06-03
348,kyc_started,2026-06-04
348,kyc_completed,2026-06-05
348,bank_account_linked,2026-06-06
349,registration_completed,2026-07-05
349,kyc_started,2026-07-06
349,kyc_completed,2026-07-07
349,bank_account_linked,2026-07-08
349,first_deposit,2026-07-09
349,first_transaction,2026-07-10
350,registration_completed,2026-06-13
350,kyc_started,2026-06-14
350,kyc_completed,2026-06-15
350,bank_account_linked,2026-06-16
350,first_deposit,2026-06-17
351,registration_completed,2026-08-05
351,kyc_started,2026-08-06
352,registration_completed,2026-06-26
352,kyc_started,2026-06-27
353,registration_completed,2026-08-01
353,kyc_started,2026-08-02
354,registration_completed,2026-05-19
354,kyc_started,2026-05-20
355,registration_completed,2026-08-04
355,kyc_started,2026-08-05
355,kyc_completed,2026-08-06
355,bank_account_linked,2026-08-07
355,first_deposit,2026-08-08
355,first_transaction,2026-08-09
356,registration_completed,2026-05-25
357,registration_completed,2026-08-03
357,kyc_started,2026-08-04
357,kyc_completed,2026-08-05
357,bank_account_linked,2026-08-06
357,first_deposit,2026-08-07
357,first_transaction,2026-08-08
358,registration_completed,2026-06-01
359,registration_completed,2026-05-18
359,kyc_started,2026-05-19
359,kyc_completed,2026-05-20
359,bank_account_linked,2026-05-21
359,first_deposit,2026-05-22
359,first_transaction,2026-05-23
360,registration_completed,2026-06-17
360,kyc_started,2026-06-18
360,kyc_completed,2026-06-19
360,bank_account_linked,2026-06-20
360,first_deposit,2026-06-21
360,first_transaction,2026-06-22
361,registration_completed,2026-07-13
361,kyc_started,2026-07-14
362,registration_completed,2026-06-06
362,kyc_started,2026-06-07
362,kyc_completed,2026-06-08
362,bank_account_linked,2026-06-09
362,first_deposit,2026-06-10
362,first_transaction,2026-06-11
363,registration_completed,2026-07-02
363,kyc_started,2026-07-03
363,kyc_completed,2026-07-04
363,bank_account_linked,2026-07-05
364,registration_completed,2026-06-24
364,kyc_started,2026-06-25
364,kyc_completed,2026-06-26
364,bank_account_linked,2026-06-27
364,first_deposit,2026-06-28
364,first_transaction,2026-06-29
365,registration_completed,2026-06-12
365,kyc_started,2026-06-13
365,kyc_completed,2026-06-14
365,bank_account_linked,2026-06-15
366,registration_completed,2026-06-29
367,registration_completed,2026-05-31
367,kyc_started,2026-06-01
368,registration_completed,2026-07-11
368,kyc_started,2026-07-12
368,kyc_completed,2026-07-13
368,bank_account_linked,2026-07-14
369,registration_completed,2026-05-09
369,kyc_started,2026-05-10
369,kyc_completed,2026-05-11
369,bank_account_linked,2026-05-12
369,first_deposit,2026-05-13
369,first_transaction,2026-05-14
370,registration_completed,2026-07-31
370,kyc_started,2026-08-01
370,kyc_completed,2026-08-02
371,registration_completed,2026-06-26
371,kyc_started,2026-06-27
372,registration_completed,2026-07-12
372,kyc_started,2026-07-13
372,kyc_completed,2026-07-14
372,bank_account_linked,2026-07-15
372,first_deposit,2026-07-16
373,registration_completed,2026-07-14
373,kyc_started,2026-07-15
373,kyc_completed,2026-07-16
373,bank_account_linked,2026-07-17
373,first_deposit,2026-07-18
373,first_transaction,2026-07-19
374,registration_completed,2026-07-08
374,kyc_started,2026-07-09
374,kyc_completed,2026-07-10
374,bank_account_linked,2026-07-11
375,registration_completed,2026-06-10
375,kyc_started,2026-06-11
375,kyc_completed,2026-06-12
376,registration_completed,2026-05-15
376,kyc_started,2026-05-16
377,registration_completed,2026-07-07
377,kyc_started,2026-07-08
377,kyc_completed,2026-07-09
377,bank_account_linked,2026-07-10
378,registration_completed,2026-06-07
378,kyc_started,2026-06-08
378,kyc_completed,2026-06-09
378,bank_account_linked,2026-06-10
378,first_deposit,2026-06-11
378,first_transaction,2026-06-12
379,registration_completed,2026-06-06
379,kyc_started,2026-06-07
379,kyc_completed,2026-06-08
379,bank_account_linked,2026-06-09
379,first_deposit,2026-06-10
380,registration_completed,2026-07-24
381,registration_completed,2026-07-12
381,kyc_started,2026-07-13
382,registration_completed,2026-06-05
383,registration_completed,2026-06-05
383,kyc_started,2026-06-06
383,kyc_completed,2026-06-07
384,registration_completed,2026-06-14
384,kyc_started,2026-06-15
384,kyc_completed,2026-06-16
384,bank_account_linked,2026-06-17
384,first_deposit,2026-06-18
385,registration_completed,2026-06-14
385,kyc_started,2026-06-15
385,kyc_completed,2026-06-16
385,bank_account_linked,2026-06-17
386,registration_completed,2026-06-04
386,kyc_started,2026-06-05
386,kyc_completed,2026-06-06
386,bank_account_linked,2026-06-07
386,first_deposit,2026-06-08
386,first_transaction,2026-06-09
387,registration_completed,2026-05-20
387,kyc_started,2026-05-21
387,kyc_completed,2026-05-22
387,bank_account_linked,2026-05-23
387,first_deposit,2026-05-24
387,first_transaction,2026-05-25
388,registration_completed,2026-06-15
388,kyc_started,2026-06-16
388,kyc_completed,2026-06-17
388,bank_account_linked,2026-06-18
388,first_deposit,2026-06-19
388,first_transaction,2026-06-20
389,registration_completed,2026-08-01
389,kyc_started,2026-08-02
389,kyc_completed,2026-08-03
390,registration_completed,2026-07-08
390,kyc_started,2026-07-09
390,kyc_completed,2026-07-10
390,bank_account_linked,2026-07-11
390,first_deposit,2026-07-12
391,registration_completed,2026-07-29
391,kyc_started,2026-07-30
391,kyc_completed,2026-07-31
391,bank_account_linked,2026-08-01
391,first_deposit,2026-08-02
391,first_transaction,2026-08-03
392,registration_completed,2026-07-03
392,kyc_started,2026-07-04
392,kyc_completed,2026-07-05
392,bank_account_linked,2026-07-06
392,first_deposit,2026-07-07
392,first_transaction,2026-07-08
393,registration_completed,2026-06-05
393,kyc_started,2026-06-06
393,kyc_completed,2026-06-07
393,bank_account_linked,2026-06-08
393,first_deposit,2026-06-09
393,first_transaction,2026-06-10
394,registration_completed,2026-06-27
394,kyc_started,2026-06-28
394,kyc_completed,2026-06-29
394,bank_account_linked,2026-06-30
394,first_deposit,2026-07-01
394,first_transaction,2026-07-02
395,registration_completed,2026-05-09
395,kyc_started,2026-05-10
395,kyc_completed,2026-05-11
395,bank_account_linked,2026-05-12
395,first_deposit,2026-05-13
395,first_transaction,2026-05-14
396,registration_completed,2026-06-03
396,kyc_started,2026-06-04
397,registration_completed,2026-06-16
397,kyc_started,2026-06-17
398,registration_completed,2026-06-30
398,kyc_started,2026-07-01
398,kyc_completed,2026-07-02
398,bank_account_linked,2026-07-03
398,first_deposit,2026-07-04
398,first_transaction,2026-07-05
399,registration_completed,2026-07-06
399,kyc_started,2026-07-07
399,kyc_completed,2026-07-08
399,bank_account_linked,2026-07-09
399,first_deposit,2026-07-10
399,first_transaction,2026-07-11
400,registration_completed,2026-06-19
400,kyc_started,2026-06-20
400,kyc_completed,2026-06-21
400,bank_account_linked,2026-06-22
400,first_deposit,2026-06-23
400,first_transaction,2026-06-24
401,registration_completed,2026-06-17
401,kyc_started,2026-06-18
401,kyc_completed,2026-06-19
401,bank_account_linked,2026-06-20
401,first_deposit,2026-06-21
401,first_transaction,2026-06-22
402,registration_completed,2026-05-28
403,registration_completed,2026-06-20
403,kyc_started,2026-06-21
403,kyc_completed,2026-06-22
403,bank_account_linked,2026-06-23
404,registration_completed,2026-07-29
404,kyc_started,2026-07-30
404,kyc_completed,2026-07-31
405,registration_completed,2026-07-19
405,kyc_started,2026-07-20
406,registration_completed,2026-05-24
406,kyc_started,2026-05-25
406,kyc_completed,2026-05-26
406,bank_account_linked,2026-05-27
406,first_deposit,2026-05-28
406,first_transaction,2026-05-29
407,registration_completed,2026-05-16
407,kyc_started,2026-05-17
408,registration_completed,2026-06-24
409,registration_completed,2026-07-04
409,kyc_started,2026-07-05
409,kyc_completed,2026-07-06
409,bank_account_linked,2026-07-07
409,first_deposit,2026-07-08
409,first_transaction,2026-07-09
410,registration_completed,2026-06-08
410,kyc_started,2026-06-09
410,kyc_completed,2026-06-10
410,bank_account_linked,2026-06-11
410,first_deposit,2026-06-12
410,first_transaction,2026-06-13
411,registration_completed,2026-07-21
412,registration_completed,2026-07-15
412,kyc_started,2026-07-16
412,kyc_completed,2026-07-17
412,bank_account_linked,2026-07-18
412,first_deposit,2026-07-19
412,first_transaction,2026-07-20
413,registration_completed,2026-07-08
413,kyc_started,2026-07-09
413,kyc_completed,2026-07-10
414,registration_completed,2026-05-29
414,kyc_started,2026-05-30
414,kyc_completed,2026-05-31
414,bank_account_linked,2026-06-01
414,first_deposit,2026-06-02
414,first_transaction,2026-06-03
415,registration_completed,2026-05-26
415,kyc_started,2026-05-27
415,kyc_completed,2026-05-28
415,bank_account_linked,2026-05-29
415,first_deposit,2026-05-30
416,registration_completed,2026-05-11
416,kyc_started,2026-05-12
416,kyc_completed,2026-05-13
416,bank_account_linked,2026-05-14
416,first_deposit,2026-05-15
416,first_transaction,2026-05-16
417,registration_completed,2026-05-31
417,kyc_started,2026-06-01
417,kyc_completed,2026-06-02
417,bank_account_linked,2026-06-03
417,first_deposit,2026-06-04
417,first_transaction,2026-06-05
418,registration_completed,2026-06-20
418,kyc_started,2026-06-21
419,registration_completed,2026-07-24
419,kyc_started,2026-07-25
419,kyc_completed,2026-07-26
419,bank_account_linked,2026-07-27
419,first_deposit,2026-07-28
419,first_transaction,2026-07-29
420,registration_completed,2026-05-15
420,kyc_started,2026-05-16
420,kyc_completed,2026-05-17
420,bank_account_linked,2026-05-18
420,first_deposit,2026-05-19
420,first_transaction,2026-05-20
421,registration_completed,2026-06-15
421,kyc_started,2026-06-16
421,kyc_completed,2026-06-17
421,bank_account_linked,2026-06-18
421,first_deposit,2026-06-19
422,registration_completed,2026-07-04
422,kyc_started,2026-07-05
423,registration_completed,2026-05-26
423,kyc_started,2026-05-27
423,kyc_completed,2026-05-28
423,bank_account_linked,2026-05-29
423,first_deposit,2026-05-30
423,first_transaction,2026-05-31
424,registration_completed,2026-07-10
424,kyc_started,2026-07-11
424,kyc_completed,2026-07-12
424,bank_account_linked,2026-07-13
424,first_deposit,2026-07-14
425,registration_completed,2026-06-22
425,kyc_started,2026-06-23
425,kyc_completed,2026-06-24
425,bank_account_linked,2026-06-25
425,first_deposit,2026-06-26
425,first_transaction,2026-06-27
426,registration_completed,2026-05-30
427,registration_completed,2026-07-07
427,kyc_started,2026-07-08
427,kyc_completed,2026-07-09
427,bank_account_linked,2026-07-10
427,first_deposit,2026-07-11
427,first_transaction,2026-07-12
428,registration_completed,2026-05-09
428,kyc_started,2026-05-10
428,kyc_completed,2026-05-11
428,bank_account_linked,2026-05-12
428,first_deposit,2026-05-13
428,first_transaction,2026-05-14
429,registration_completed,2026-07-15
429,kyc_started,2026-07-16
430,registration_completed,2026-07-17
430,kyc_started,2026-07-18
430,kyc_completed,2026-07-19
430,bank_account_linked,2026-07-20
430,first_deposit,2026-07-21
430,first_transaction,2026-07-22
431,registration_completed,2026-05-18
431,kyc_started,2026-05-19
431,kyc_completed,2026-05-20
431,bank_account_linked,2026-05-21
431,first_deposit,2026-05-22
431,first_transaction,2026-05-23
432,registration_completed,2026-06-16
432,kyc_started,2026-06-17
432,kyc_completed,2026-06-18
432,bank_account_linked,2026-06-19
432,first_deposit,2026-06-20
433,registration_completed,2026-05-24
433,kyc_started,2026-05-25
434,registration_completed,2026-08-03
434,kyc_started,2026-08-04
434,kyc_completed,2026-08-05
434,bank_account_linked,2026-08-06
434,first_deposit,2026-08-07
434,first_transaction,2026-08-08
435,registration_completed,2026-06-24
436,registration_completed,2026-05-13
436,kyc_started,2026-05-14
436,kyc_completed,2026-05-15
436,bank_account_linked,2026-05-16
436,first_deposit,2026-05-17
436,first_transaction,2026-05-18
437,registration_completed,2026-05-31
437,kyc_started,2026-06-01
438,registration_completed,2026-07-24
438,kyc_started,2026-07-25
438,kyc_completed,2026-07-26
438,bank_account_linked,2026-07-27
438,first_deposit,2026-07-28
438,first_transaction,2026-07-29
439,registration_completed,2026-06-19
439,kyc_started,2026-06-20
439,kyc_completed,2026-06-21
439,bank_account_linked,2026-06-22
439,first_deposit,2026-06-23
440,registration_completed,2026-07-20
440,kyc_started,2026-07-21
440,kyc_completed,2026-07-22
440,bank_account_linked,2026-07-23
440,first_deposit,2026-07-24
440,first_transaction,2026-07-25
441,registration_completed,2026-07-08
441,kyc_started,2026-07-09
441,kyc_completed,2026-07-10
441,bank_account_linked,2026-07-11
441,first_deposit,2026-07-12
441,first_transaction,2026-07-13
442,registration_completed,2026-08-05
442,kyc_started,2026-08-06
442,kyc_completed,2026-08-07
442,bank_account_linked,2026-08-08
442,first_deposit,2026-08-09
442,first_transaction,2026-08-10
443,registration_completed,2026-07-01
444,registration_completed,2026-08-02
445,registration_completed,2026-07-28
445,kyc_started,2026-07-29
446,registration_completed,2026-07-03
446,kyc_started,2026-07-04
446,kyc_completed,2026-07-05
446,bank_account_linked,2026-07-06
447,registration_completed,2026-07-12
447,kyc_started,2026-07-13
447,kyc_completed,2026-07-14
447,bank_account_linked,2026-07-15
447,first_deposit,2026-07-16
447,first_transaction,2026-07-17
448,registration_completed,2026-06-23
448,kyc_started,2026-06-24
448,kyc_completed,2026-06-25
448,bank_account_linked,2026-06-26
449,registration_completed,2026-07-22
449,kyc_started,2026-07-23
449,kyc_completed,2026-07-24
449,bank_account_linked,2026-07-25
449,first_deposit,2026-07-26
449,first_transaction,2026-07-27
450,registration_completed,2026-06-27
451,registration_completed,2026-07-28
451,kyc_started,2026-07-29
452,registration_completed,2026-07-14
452,kyc_started,2026-07-15
452,kyc_completed,2026-07-16
453,registration_completed,2026-06-20
454,registration_completed,2026-06-01
454,kyc_started,2026-06-02
455,registration_completed,2026-05-31
455,kyc_started,2026-06-01
455,kyc_completed,2026-06-02
455,bank_account_linked,2026-06-03
455,first_deposit,2026-06-04
455,first_transaction,2026-06-05
456,registration_completed,2026-07-05
456,kyc_started,2026-07-06
456,kyc_completed,2026-07-07
457,registration_completed,2026-07-16
457,kyc_started,2026-07-17
457,kyc_completed,2026-07-18
457,bank_account_linked,2026-07-19
457,first_deposit,2026-07-20
457,first_transaction,2026-07-21
458,registration_completed,2026-06-24
458,kyc_started,2026-06-25
458,kyc_completed,2026-06-26
458,bank_account_linked,2026-06-27
458,first_deposit,2026-06-28
458,first_transaction,2026-06-29
459,registration_completed,2026-07-04
460,registration_completed,2026-06-02
460,kyc_started,2026-06-03
461,registration_completed,2026-05-15
461,kyc_started,2026-05-16
461,kyc_completed,2026-05-17
461,bank_account_linked,2026-05-18
461,first_deposit,2026-05-19
461,first_transaction,2026-05-20
462,registration_completed,2026-06-03
462,kyc_started,2026-06-04
463,registration_completed,2026-06-02
463,kyc_started,2026-06-03
464,registration_completed,2026-06-06
464,kyc_started,2026-06-07
465,registration_completed,2026-06-26
465,kyc_started,2026-06-27
465,kyc_completed,2026-06-28
465,bank_account_linked,2026-06-29
466,registration_completed,2026-05-21
467,registration_completed,2026-05-29
467,kyc_started,2026-05-30
467,kyc_completed,2026-05-31
467,bank_account_linked,2026-06-01
467,first_deposit,2026-06-02
467,first_transaction,2026-06-03
468,registration_completed,2026-07-10
468,kyc_started,2026-07-11
468,kyc_completed,2026-07-12
468,bank_account_linked,2026-07-13
468,first_deposit,2026-07-14
468,first_transaction,2026-07-15
469,registration_completed,2026-07-11
470,registration_completed,2026-05-14
471,registration_completed,2026-06-14
471,kyc_started,2026-06-15
471,kyc_completed,2026-06-16
471,bank_account_linked,2026-06-17
471,first_deposit,2026-06-18
471,first_transaction,2026-06-19
472,registration_completed,2026-06-26
472,kyc_started,2026-06-27
472,kyc_completed,2026-06-28
472,bank_account_linked,2026-06-29
472,first_deposit,2026-06-30
472,first_transaction,2026-07-01
473,registration_completed,2026-06-15
473,kyc_started,2026-06-16
473,kyc_completed,2026-06-17
473,bank_account_linked,2026-06-18
473,first_deposit,2026-06-19
473,first_transaction,2026-06-20
474,registration_completed,2026-05-27
474,kyc_started,2026-05-28
474,kyc_completed,2026-05-29
474,bank_account_linked,2026-05-30
474,first_deposit,2026-05-31
474,first_transaction,2026-06-01
475,registration_completed,2026-06-15
476,registration_completed,2026-07-29
476,kyc_started,2026-07-30
476,kyc_completed,2026-07-31
476,bank_account_linked,2026-08-01
476,first_deposit,2026-08-02
476,first_transaction,2026-08-03
477,registration_completed,2026-06-30
477,kyc_started,2026-07-01
477,kyc_completed,2026-07-02
477,bank_account_linked,2026-07-03
477,first_deposit,2026-07-04
477,first_transaction,2026-07-05
478,registration_completed,2026-07-10
478,kyc_started,2026-07-11
478,kyc_completed,2026-07-12
479,registration_completed,2026-07-25
479,kyc_started,2026-07-26
479,kyc_completed,2026-07-27
480,registration_completed,2026-07-16
480,kyc_started,2026-07-17
480,kyc_completed,2026-07-18
480,bank_account_linked,2026-07-19
481,registration_completed,2026-06-12
481,kyc_started,2026-06-13
481,kyc_completed,2026-06-14
481,bank_account_linked,2026-06-15
481,first_deposit,2026-06-16
481,first_transaction,2026-06-17
482,registration_completed,2026-05-09
482,kyc_started,2026-05-10
482,kyc_completed,2026-05-11
482,bank_account_linked,2026-05-12
482,first_deposit,2026-05-13
482,first_transaction,2026-05-14
483,registration_completed,2026-06-09
483,kyc_started,2026-06-10
483,kyc_completed,2026-06-11
484,registration_completed,2026-07-15
484,kyc_started,2026-07-16
484,kyc_completed,2026-07-17
484,bank_account_linked,2026-07-18
484,first_deposit,2026-07-19
484,first_transaction,2026-07-20
485,registration_completed,2026-07-24
485,kyc_started,2026-07-25
485,kyc_completed,2026-07-26
485,bank_account_linked,2026-07-27
485,first_deposit,2026-07-28
486,registration_completed,2026-08-02
486,kyc_started,2026-08-03
486,kyc_completed,2026-08-04
486,bank_account_linked,2026-08-05
487,registration_completed,2026-06-15
487,kyc_started,2026-06-16
487,kyc_completed,2026-06-17
487,bank_account_linked,2026-06-18
487,first_deposit,2026-06-19
487,first_transaction,2026-06-20
488,registration_completed,2026-07-15
488,kyc_started,2026-07-16
488,kyc_completed,2026-07-17
489,registration_completed,2026-06-27
489,kyc_started,2026-06-28
489,kyc_completed,2026-06-29
489,bank_account_linked,2026-06-30
490,registration_completed,2026-07-02
490,kyc_started,2026-07-03
490,kyc_completed,2026-07-04
490,bank_account_linked,2026-07-05
491,registration_completed,2026-05-28
491,kyc_started,2026-05-29
492,registration_completed,2026-05-28
492,kyc_started,2026-05-29
492,kyc_completed,2026-05-30
493,registration_completed,2026-06-17
493,kyc_started,2026-06-18
493,kyc_completed,2026-06-19
493,bank_account_linked,2026-06-20
493,first_deposit,2026-06-21
494,registration_completed,2026-05-11
494,kyc_started,2026-05-12
494,kyc_completed,2026-05-13
494,bank_account_linked,2026-05-14
495,registration_completed,2026-06-08
495,kyc_started,2026-06-09
495,kyc_completed,2026-06-10
495,bank_account_linked,2026-06-11
495,first_deposit,2026-06-12
495,first_transaction,2026-06-13
496,registration_completed,2026-07-09
496,kyc_started,2026-07-10
496,kyc_completed,2026-07-11
497,registration_completed,2026-06-14
498,registration_completed,2026-05-23
498,kyc_started,2026-05-24
498,kyc_completed,2026-05-25
498,bank_account_linked,2026-05-26
498,first_deposit,2026-05-27
499,registration_completed,2026-06-20
500,registration_completed,2026-05-20
501,registration_completed,2026-07-04
502,registration_completed,2026-05-11
502,kyc_started,2026-05-12
502,kyc_completed,2026-05-13
502,bank_account_linked,2026-05-14
502,first_deposit,2026-05-15
502,first_transaction,2026-05-16
503,registration_completed,2026-06-13
503,kyc_started,2026-06-14
503,kyc_completed,2026-06-15
504,registration_completed,2026-06-28
504,kyc_started,2026-06-29
504,kyc_completed,2026-06-30
504,bank_account_linked,2026-07-01
504,first_deposit,2026-07-02
504,first_transaction,2026-07-03
505,registration_completed,2026-05-11
505,kyc_started,2026-05-12
505,kyc_completed,2026-05-13
505,bank_account_linked,2026-05-14
505,first_deposit,2026-05-15
505,first_transaction,2026-05-16
506,registration_completed,2026-07-05
506,kyc_started,2026-07-06
506,kyc_completed,2026-07-07
506,bank_account_linked,2026-07-08
506,first_deposit,2026-07-09
507,registration_completed,2026-05-21
508,registration_completed,2026-06-19
508,kyc_started,2026-06-20
509,registration_completed,2026-05-13
509,kyc_started,2026-05-14
509,kyc_completed,2026-05-15
509,bank_account_linked,2026-05-16
509,first_deposit,2026-05-17
509,first_transaction,2026-05-18
510,registration_completed,2026-06-12
510,kyc_started,2026-06-13
510,kyc_completed,2026-06-14
510,bank_account_linked,2026-06-15
511,registration_completed,2026-05-28
511,kyc_started,2026-05-29
511,kyc_completed,2026-05-30
511,bank_account_linked,2026-05-31
512,registration_completed,2026-06-07
513,registration_completed,2026-07-16
513,kyc_started,2026-07-17
513,kyc_completed,2026-07-18
514,registration_completed,2026-06-12
514,kyc_started,2026-06-13
514,kyc_completed,2026-06-14
514,bank_account_linked,2026-06-15
514,first_deposit,2026-06-16
514,first_transaction,2026-06-17
515,registration_completed,2026-07-15
515,kyc_started,2026-07-16
516,registration_completed,2026-07-22
516,kyc_started,2026-07-23
516,kyc_completed,2026-07-24
516,bank_account_linked,2026-07-25
516,first_deposit,2026-07-26
516,first_transaction,2026-07-27
517,registration_completed,2026-05-31
517,kyc_started,2026-06-01
517,kyc_completed,2026-06-02
518,registration_completed,2026-05-16
518,kyc_started,2026-05-17
519,registration_completed,2026-05-10
519,kyc_started,2026-05-11
519,kyc_completed,2026-05-12
519,bank_account_linked,2026-05-13
519,first_deposit,2026-05-14
519,first_transaction,2026-05-15
520,registration_completed,2026-06-26
520,kyc_started,2026-06-27
520,kyc_completed,2026-06-28
520,bank_account_linked,2026-06-29
521,registration_completed,2026-08-06
522,registration_completed,2026-06-09
523,registration_completed,2026-07-06
523,kyc_started,2026-07-07
523,kyc_completed,2026-07-08
523,bank_account_linked,2026-07-09
523,first_deposit,2026-07-10
523,first_transaction,2026-07-11
524,registration_completed,2026-07-18
525,registration_completed,2026-07-06
525,kyc_started,2026-07-07
525,kyc_completed,2026-07-08
525,bank_account_linked,2026-07-09
526,registration_completed,2026-07-15
527,registration_completed,2026-08-02
527,kyc_started,2026-08-03
527,kyc_completed,2026-08-04
527,bank_account_linked,2026-08-05
528,registration_completed,2026-05-26
528,kyc_started,2026-05-27
528,kyc_completed,2026-05-28
529,registration_completed,2026-05-10
529,kyc_started,2026-05-11
529,kyc_completed,2026-05-12
529,bank_account_linked,2026-05-13
529,first_deposit,2026-05-14
529,first_transaction,2026-05-15
530,registration_completed,2026-05-22
530,kyc_started,2026-05-23
530,kyc_completed,2026-05-24
531,registration_completed,2026-05-20
532,registration_completed,2026-07-08
532,kyc_started,2026-07-09
532,kyc_completed,2026-07-10
533,registration_completed,2026-06-28
533,kyc_started,2026-06-29
533,kyc_completed,2026-06-30
534,registration_completed,2026-05-28
535,registration_completed,2026-07-10
535,kyc_started,2026-07-11
535,kyc_completed,2026-07-12
536,registration_completed,2026-07-17
536,kyc_started,2026-07-18
536,kyc_completed,2026-07-19
536,bank_account_linked,2026-07-20
536,first_deposit,2026-07-21
537,registration_completed,2026-05-24
537,kyc_started,2026-05-25
538,registration_completed,2026-07-02
538,kyc_started,2026-07-03
538,kyc_completed,2026-07-04
538,bank_account_linked,2026-07-05
538,first_deposit,2026-07-06
538,first_transaction,2026-07-07
539,registration_completed,2026-07-15
539,kyc_started,2026-07-16
540,registration_completed,2026-05-19
540,kyc_started,2026-05-20
540,kyc_completed,2026-05-21
540,bank_account_linked,2026-05-22
540,first_deposit,2026-05-23
540,first_transaction,2026-05-24
541,registration_completed,2026-07-21
542,registration_completed,2026-08-03
543,registration_completed,2026-05-18
544,registration_completed,2026-05-11
544,kyc_started,2026-05-12
544,kyc_completed,2026-05-13
544,bank_account_linked,2026-05-14
544,first_deposit,2026-05-15
544,first_transaction,2026-05-16
545,registration_completed,2026-06-06
545,kyc_started,2026-06-07
545,kyc_completed,2026-06-08
545,bank_account_linked,2026-06-09
545,first_deposit,2026-06-10
545,first_transaction,2026-06-11
546,registration_completed,2026-07-08
546,kyc_started,2026-07-09
546,kyc_completed,2026-07-10
547,registration_completed,2026-08-03
547,kyc_started,2026-08-04
547,kyc_completed,2026-08-05
547,bank_account_linked,2026-08-06
547,first_deposit,2026-08-07
547,first_transaction,2026-08-08
548,registration_completed,2026-06-13
548,kyc_started,2026-06-14
549,registration_completed,2026-07-12
550,registration_completed,2026-05-15
550,kyc_started,2026-05-16
550,kyc_completed,2026-05-17
551,registration_completed,2026-07-10
551,kyc_started,2026-07-11
551,kyc_completed,2026-07-12
551,bank_account_linked,2026-07-13
552,registration_completed,2026-07-04
552,kyc_started,2026-07-05
552,kyc_completed,2026-07-06
553,registration_completed,2026-05-18
554,registration_completed,2026-07-17
554,kyc_started,2026-07-18
554,kyc_completed,2026-07-19
554,bank_account_linked,2026-07-20
554,first_deposit,2026-07-21
554,first_transaction,2026-07-22
555,registration_completed,2026-07-24
555,kyc_started,2026-07-25
555,kyc_completed,2026-07-26
555,bank_account_linked,2026-07-27
555,first_deposit,2026-07-28
555,first_transaction,2026-07-29
556,registration_completed,2026-07-02
556,kyc_started,2026-07-03
556,kyc_completed,2026-07-04
556,bank_account_linked,2026-07-05
556,first_deposit,2026-07-06
557,registration_completed,2026-05-19
557,kyc_started,2026-05-20
557,kyc_completed,2026-05-21
558,registration_completed,2026-08-05
558,kyc_started,2026-08-06
558,kyc_completed,2026-08-07
558,bank_account_linked,2026-08-08
558,first_deposit,2026-08-09
558,first_transaction,2026-08-10
559,registration_completed,2026-07-18
559,kyc_started,2026-07-19
559,kyc_completed,2026-07-20
559,bank_account_linked,2026-07-21
559,first_deposit,2026-07-22
559,first_transaction,2026-07-23
560,registration_completed,2026-06-09
560,kyc_started,2026-06-10
561,registration_completed,2026-06-16
561,kyc_started,2026-06-17
561,kyc_completed,2026-06-18
561,bank_account_linked,2026-06-19
561,first_deposit,2026-06-20
561,first_transaction,2026-06-21
562,registration_completed,2026-06-11
562,kyc_started,2026-06-12
563,registration_completed,2026-06-23
563,kyc_started,2026-06-24
563,kyc_completed,2026-06-25
563,bank_account_linked,2026-06-26
563,first_deposit,2026-06-27
563,first_transaction,2026-06-28
564,registration_completed,2026-06-08
565,registration_completed,2026-07-24
565,kyc_started,2026-07-25
565,kyc_completed,2026-07-26
566,registration_completed,2026-07-22
566,kyc_started,2026-07-23
566,kyc_completed,2026-07-24
566,bank_account_linked,2026-07-25
567,registration_completed,2026-05-18
567,kyc_started,2026-05-19
567,kyc_completed,2026-05-20
567,bank_account_linked,2026-05-21
567,first_deposit,2026-05-22
567,first_transaction,2026-05-23
568,registration_completed,2026-08-03
568,kyc_started,2026-08-04
569,registration_completed,2026-07-05
569,kyc_started,2026-07-06
569,kyc_completed,2026-07-07
569,bank_account_linked,2026-07-08
569,first_deposit,2026-07-09
569,first_transaction,2026-07-10
570,registration_completed,2026-07-22
570,kyc_started,2026-07-23
570,kyc_completed,2026-07-24
571,registration_completed,2026-07-11
571,kyc_started,2026-07-12
571,kyc_completed,2026-07-13
571,bank_account_linked,2026-07-14
572,registration_completed,2026-06-17
572,kyc_started,2026-06-18
572,kyc_completed,2026-06-19
572,bank_account_linked,2026-06-20
572,first_deposit,2026-06-21
572,first_transaction,2026-06-22
573,registration_completed,2026-07-14
574,registration_completed,2026-08-03
574,kyc_started,2026-08-04
574,kyc_completed,2026-08-05
574,bank_account_linked,2026-08-06
574,first_deposit,2026-08-07
574,first_transaction,2026-08-08
575,registration_completed,2026-06-02
575,kyc_started,2026-06-03
575,kyc_completed,2026-06-04
575,bank_account_linked,2026-06-05
575,first_deposit,2026-06-06
575,first_transaction,2026-06-07
576,registration_completed,2026-07-20
576,kyc_started,2026-07-21
576,kyc_completed,2026-07-22
577,registration_completed,2026-06-26
577,kyc_started,2026-06-27
577,kyc_completed,2026-06-28
577,bank_account_linked,2026-06-29
577,first_deposit,2026-06-30
577,first_transaction,2026-07-01
578,registration_completed,2026-06-21
578,kyc_started,2026-06-22
578,kyc_completed,2026-06-23
579,registration_completed,2026-06-17
579,kyc_started,2026-06-18
579,kyc_completed,2026-06-19
579,bank_account_linked,2026-06-20
579,first_deposit,2026-06-21
580,registration_completed,2026-07-13
580,kyc_started,2026-07-14
580,kyc_completed,2026-07-15
581,registration_completed,2026-06-02
582,registration_completed,2026-07-24
582,kyc_started,2026-07-25
582,kyc_completed,2026-07-26
582,bank_account_linked,2026-07-27
582,first_deposit,2026-07-28
582,first_transaction,2026-07-29
583,registration_completed,2026-07-22
583,kyc_started,2026-07-23
584,registration_completed,2026-05-16
585,registration_completed,2026-07-27
585,kyc_started,2026-07-28
586,registration_completed,2026-05-30
587,registration_completed,2026-06-19
587,kyc_started,2026-06-20
587,kyc_completed,2026-06-21
587,bank_account_linked,2026-06-22
587,first_deposit,2026-06-23
587,first_transaction,2026-06-24
588,registration_completed,2026-07-02
588,kyc_started,2026-07-03
588,kyc_completed,2026-07-04
588,bank_account_linked,2026-07-05
589,registration_completed,2026-06-12
589,kyc_started,2026-06-13
589,kyc_completed,2026-06-14
589,bank_account_linked,2026-06-15
590,registration_completed,2026-05-11
590,kyc_started,2026-05-12
590,kyc_completed,2026-05-13
590,bank_account_linked,2026-05-14
590,first_deposit,2026-05-15
590,first_transaction,2026-05-16
591,registration_completed,2026-07-24
591,kyc_started,2026-07-25
591,kyc_completed,2026-07-26
592,registration_completed,2026-05-25
592,kyc_started,2026-05-26
593,registration_completed,2026-05-28
593,kyc_started,2026-05-29
593,kyc_completed,2026-05-30
593,bank_account_linked,2026-05-31
594,registration_completed,2026-07-19
594,kyc_started,2026-07-20
595,registration_completed,2026-06-08
595,kyc_started,2026-06-09
595,kyc_completed,2026-06-10
595,bank_account_linked,2026-06-11
595,first_deposit,2026-06-12
595,first_transaction,2026-06-13
596,registration_completed,2026-07-27
596,kyc_started,2026-07-28
596,kyc_completed,2026-07-29
596,bank_account_linked,2026-07-30
596,first_deposit,2026-07-31
597,registration_completed,2026-07-11
597,kyc_started,2026-07-12
597,kyc_completed,2026-07-13
597,bank_account_linked,2026-07-14
598,registration_completed,2026-06-02
598,kyc_started,2026-06-03
598,kyc_completed,2026-06-04
599,registration_completed,2026-05-09
599,kyc_started,2026-05-10
600,registration_completed,2026-08-02
600,kyc_started,2026-08-03
601,registration_completed,2026-05-16
601,kyc_started,2026-05-17
601,kyc_completed,2026-05-18
601,bank_account_linked,2026-05-19
602,registration_completed,2026-07-12
602,kyc_started,2026-07-13
602,kyc_completed,2026-07-14
602,bank_account_linked,2026-07-15
603,registration_completed,2026-06-21
604,registration_completed,2026-07-16
604,kyc_started,2026-07-17
605,registration_completed,2026-07-10
605,kyc_started,2026-07-11
605,kyc_completed,2026-07-12
605,bank_account_linked,2026-07-13
605,first_deposit,2026-07-14
605,first_transaction,2026-07-15
606,registration_completed,2026-07-06
606,kyc_started,2026-07-07
606,kyc_completed,2026-07-08
606,bank_account_linked,2026-07-09
606,first_deposit,2026-07-10
606,first_transaction,2026-07-11
607,registration_completed,2026-06-22
607,kyc_started,2026-06-23
607,kyc_completed,2026-06-24
607,bank_account_linked,2026-06-25
607,first_deposit,2026-06-26
607,first_transaction,2026-06-27
608,registration_completed,2026-07-19
609,registration_completed,2026-05-17
609,kyc_started,2026-05-18
609,kyc_completed,2026-05-19
609,bank_account_linked,2026-05-20
609,first_deposit,2026-05-21
609,first_transaction,2026-05-22
610,registration_completed,2026-05-28
611,registration_completed,2026-07-10
611,kyc_started,2026-07-11
611,kyc_completed,2026-07-12
611,bank_account_linked,2026-07-13
611,first_deposit,2026-07-14
612,registration_completed,2026-06-05
612,kyc_started,2026-06-06
612,kyc_completed,2026-06-07
612,bank_account_linked,2026-06-08
613,registration_completed,2026-06-30
613,kyc_started,2026-07-01
613,kyc_completed,2026-07-02
613,bank_account_linked,2026-07-03
613,first_deposit,2026-07-04
613,first_transaction,2026-07-05
614,registration_completed,2026-06-20
615,registration_completed,2026-06-25
615,kyc_started,2026-06-26
615,kyc_completed,2026-06-27
615,bank_account_linked,2026-06-28
615,first_deposit,2026-06-29
615,first_transaction,2026-06-30
616,registration_completed,2026-06-16
616,kyc_started,2026-06-17
616,kyc_completed,2026-06-18
617,registration_completed,2026-07-15
617,kyc_started,2026-07-16
618,registration_completed,2026-06-07
618,kyc_started,2026-06-08
618,kyc_completed,2026-06-09
618,bank_account_linked,2026-06-10
618,first_deposit,2026-06-11
618,first_transaction,2026-06-12
619,registration_completed,2026-07-11
619,kyc_started,2026-07-12
619,kyc_completed,2026-07-13
619,bank_account_linked,2026-07-14
619,first_deposit,2026-07-15
619,first_transaction,2026-07-16
620,registration_completed,2026-06-02
621,registration_completed,2026-05-31
621,kyc_started,2026-06-01
622,registration_completed,2026-05-19
622,kyc_started,2026-05-20
622,kyc_completed,2026-05-21
622,bank_account_linked,2026-05-22
623,registration_completed,2026-05-26
623,kyc_started,2026-05-27
624,registration_completed,2026-05-19
624,kyc_started,2026-05-20
624,kyc_completed,2026-05-21
624,bank_account_linked,2026-05-22
624,first_deposit,2026-05-23
624,first_transaction,2026-05-24
625,registration_completed,2026-06-26
625,kyc_started,2026-06-27
625,kyc_completed,2026-06-28
625,bank_account_linked,2026-06-29
625,first_deposit,2026-06-30
625,first_transaction,2026-07-01
626,registration_completed,2026-07-16
626,kyc_started,2026-07-17
626,kyc_completed,2026-07-18
626,bank_account_linked,2026-07-19
626,first_deposit,2026-07-20
626,first_transaction,2026-07-21
627,registration_completed,2026-05-25
627,kyc_started,2026-05-26
627,kyc_completed,2026-05-27
627,bank_account_linked,2026-05-28
627,first_deposit,2026-05-29
627,first_transaction,2026-05-30
628,registration_completed,2026-05-28
628,kyc_started,2026-05-29
628,kyc_completed,2026-05-30
628,bank_account_linked,2026-05-31
628,first_deposit,2026-06-01
628,first_transaction,2026-06-02
629,registration_completed,2026-06-21
629,kyc_started,2026-06-22
630,registration_completed,2026-07-13
630,kyc_started,2026-07-14
630,kyc_completed,2026-07-15
630,bank_account_linked,2026-07-16
630,first_deposit,2026-07-17
630,first_transaction,2026-07-18
631,registration_completed,2026-08-04
631,kyc_started,2026-08-05
631,kyc_completed,2026-08-06
632,registration_completed,2026-06-25
632,kyc_started,2026-06-26
632,kyc_completed,2026-06-27
632,bank_account_linked,2026-06-28
632,first_deposit,2026-06-29
632,first_transaction,2026-06-30
633,registration_completed,2026-06-03
633,kyc_started,2026-06-04
633,kyc_completed,2026-06-05
633,bank_account_linked,2026-06-06
633,first_deposit,2026-06-07
633,first_transaction,2026-06-08
634,registration_completed,2026-05-18
634,kyc_started,2026-05-19
634,kyc_completed,2026-05-20
634,bank_account_linked,2026-05-21
634,first_deposit,2026-05-22
634,first_transaction,2026-05-23
635,registration_completed,2026-05-26
635,kyc_started,2026-05-27
635,kyc_completed,2026-05-28
636,registration_completed,2026-05-29
636,kyc_started,2026-05-30
636,kyc_completed,2026-05-31
636,bank_account_linked,2026-06-01
636,first_deposit,2026-06-02
636,first_transaction,2026-06-03
637,registration_completed,2026-05-25
637,kyc_started,2026-05-26
637,kyc_completed,2026-05-27
637,bank_account_linked,2026-05-28
638,registration_completed,2026-05-10
638,kyc_started,2026-05-11
638,kyc_completed,2026-05-12
638,bank_account_linked,2026-05-13
639,registration_completed,2026-06-26
640,registration_completed,2026-06-02
640,kyc_started,2026-06-03
641,registration_completed,2026-08-04
642,registration_completed,2026-06-27
642,kyc_started,2026-06-28
642,kyc_completed,2026-06-29
642,bank_account_linked,2026-06-30
643,registration_completed,2026-07-10
644,registration_completed,2026-05-20
644,kyc_started,2026-05-21
645,registration_completed,2026-07-26
646,registration_completed,2026-06-22
646,kyc_started,2026-06-23
646,kyc_completed,2026-06-24
647,registration_completed,2026-07-26
647,kyc_started,2026-07-27
647,kyc_completed,2026-07-28
647,bank_account_linked,2026-07-29
647,first_deposit,2026-07-30
647,first_transaction,2026-07-31
648,registration_completed,2026-06-29
648,kyc_started,2026-06-30
648,kyc_completed,2026-07-01
648,bank_account_linked,2026-07-02
648,first_deposit,2026-07-03
648,first_transaction,2026-07-04
649,registration_completed,2026-06-20
649,kyc_started,2026-06-21
649,kyc_completed,2026-06-22
649,bank_account_linked,2026-06-23
650,registration_completed,2026-06-17
650,kyc_started,2026-06-18
650,kyc_completed,2026-06-19
650,bank_account_linked,2026-06-20
651,registration_completed,2026-05-25
651,kyc_started,2026-05-26
651,kyc_completed,2026-05-27
651,bank_account_linked,2026-05-28
651,first_deposit,2026-05-29
652,registration_completed,2026-05-13
652,kyc_started,2026-05-14
653,registration_completed,2026-08-01
653,kyc_started,2026-08-02
653,kyc_completed,2026-08-03
654,registration_completed,2026-06-20
655,registration_completed,2026-07-21
656,registration_completed,2026-06-14
656,kyc_started,2026-06-15
657,registration_completed,2026-05-15
657,kyc_started,2026-05-16
657,kyc_completed,2026-05-17
657,bank_account_linked,2026-05-18
658,registration_completed,2026-07-04
658,kyc_started,2026-07-05
658,kyc_completed,2026-07-06
658,bank_account_linked,2026-07-07
658,first_deposit,2026-07-08
658,first_transaction,2026-07-09
659,registration_completed,2026-05-13
659,kyc_started,2026-05-14
659,kyc_completed,2026-05-15
659,bank_account_linked,2026-05-16
660,registration_completed,2026-05-22
660,kyc_started,2026-05-23
660,kyc_completed,2026-05-24
660,bank_account_linked,2026-05-25
660,first_deposit,2026-05-26
660,first_transaction,2026-05-27
661,registration_completed,2026-06-28
661,kyc_started,2026-06-29
662,registration_completed,2026-06-05
662,kyc_started,2026-06-06
662,kyc_completed,2026-06-07
662,bank_account_linked,2026-06-08
663,registration_completed,2026-08-06
663,kyc_started,2026-08-07
663,kyc_completed,2026-08-08
663,bank_account_linked,2026-08-09
663,first_deposit,2026-08-10
663,first_transaction,2026-08-11
664,registration_completed,2026-05-19
664,kyc_started,2026-05-20
664,kyc_completed,2026-05-21
664,bank_account_linked,2026-05-22
664,first_deposit,2026-05-23
664,first_transaction,2026-05-24
665,registration_completed,2026-07-16
665,kyc_started,2026-07-17
665,kyc_completed,2026-07-18
665,bank_account_linked,2026-07-19
666,registration_completed,2026-07-02
666,kyc_started,2026-07-03
666,kyc_completed,2026-07-04
666,bank_account_linked,2026-07-05
667,registration_completed,2026-07-19
667,kyc_started,2026-07-20
667,kyc_completed,2026-07-21
667,bank_account_linked,2026-07-22
668,registration_completed,2026-05-29
668,kyc_started,2026-05-30
668,kyc_completed,2026-05-31
668,bank_account_linked,2026-06-01
668,first_deposit,2026-06-02
668,first_transaction,2026-06-03
669,registration_completed,2026-06-25
669,kyc_started,2026-06-26
669,kyc_completed,2026-06-27
669,bank_account_linked,2026-06-28
669,first_deposit,2026-06-29
669,first_transaction,2026-06-30
670,registration_completed,2026-06-18
670,kyc_started,2026-06-19
670,kyc_completed,2026-06-20
670,bank_account_linked,2026-06-21
670,first_deposit,2026-06-22
670,first_transaction,2026-06-23
671,registration_completed,2026-06-17
671,kyc_started,2026-06-18
671,kyc_completed,2026-06-19
672,registration_completed,2026-07-25
672,kyc_started,2026-07-26
672,kyc_completed,2026-07-27
672,bank_account_linked,2026-07-28
672,first_deposit,2026-07-29
672,first_transaction,2026-07-30
673,registration_completed,2026-08-06
673,kyc_started,2026-08-07
674,registration_completed,2026-06-05
674,kyc_started,2026-06-06
674,kyc_completed,2026-06-07
674,bank_account_linked,2026-06-08
674,first_deposit,2026-06-09
674,first_transaction,2026-06-10
675,registration_completed,2026-07-03
675,kyc_started,2026-07-04
675,kyc_completed,2026-07-05
675,bank_account_linked,2026-07-06
675,first_deposit,2026-07-07
676,registration_completed,2026-07-02
677,registration_completed,2026-07-14
677,kyc_started,2026-07-15
678,registration_completed,2026-08-02
678,kyc_started,2026-08-03
678,kyc_completed,2026-08-04
678,bank_account_linked,2026-08-05
678,first_deposit,2026-08-06
678,first_transaction,2026-08-07
679,registration_completed,2026-05-27
679,kyc_started,2026-05-28
679,kyc_completed,2026-05-29
679,bank_account_linked,2026-05-30
680,registration_completed,2026-05-27
680,kyc_started,2026-05-28
680,kyc_completed,2026-05-29
681,registration_completed,2026-07-07
681,kyc_started,2026-07-08
681,kyc_completed,2026-07-09
681,bank_account_linked,2026-07-10
681,first_deposit,2026-07-11
682,registration_completed,2026-05-23
683,registration_completed,2026-05-24
683,kyc_started,2026-05-25
683,kyc_completed,2026-05-26
683,bank_account_linked,2026-05-27
683,first_deposit,2026-05-28
683,first_transaction,2026-05-29
684,registration_completed,2026-05-15
684,kyc_started,2026-05-16
684,kyc_completed,2026-05-17
685,registration_completed,2026-05-09
685,kyc_started,2026-05-10
685,kyc_completed,2026-05-11
685,bank_account_linked,2026-05-12
686,registration_completed,2026-06-18
686,kyc_started,2026-06-19
686,kyc_completed,2026-06-20
686,bank_account_linked,2026-06-21
687,registration_completed,2026-07-01
687,kyc_started,2026-07-02
687,kyc_completed,2026-07-03
687,bank_account_linked,2026-07-04
687,first_deposit,2026-07-05
687,first_transaction,2026-07-06
688,registration_completed,2026-06-04
688,kyc_started,2026-06-05
688,kyc_completed,2026-06-06
688,bank_account_linked,2026-06-07
688,first_deposit,2026-06-08
688,first_transaction,2026-06-09
689,registration_completed,2026-05-29
689,kyc_started,2026-05-30
689,kyc_completed,2026-05-31
689,bank_account_linked,2026-06-01
689,first_deposit,2026-06-02
690,registration_completed,2026-07-11
690,kyc_started,2026-07-12
690,kyc_completed,2026-07-13
690,bank_account_linked,2026-07-14
690,first_deposit,2026-07-15
690,first_transaction,2026-07-16
691,registration_completed,2026-07-11
691,kyc_started,2026-07-12
691,kyc_completed,2026-07-13
691,bank_account_linked,2026-07-14
691,first_deposit,2026-07-15
691,first_transaction,2026-07-16
692,registration_completed,2026-06-18
692,kyc_started,2026-06-19
692,kyc_completed,2026-06-20
692,bank_account_linked,2026-06-21
692,first_deposit,2026-06-22
693,registration_completed,2026-07-09
693,kyc_started,2026-07-10
693,kyc_completed,2026-07-11
693,bank_account_linked,2026-07-12
694,registration_completed,2026-07-31
694,kyc_started,2026-08-01
694,kyc_completed,2026-08-02
694,bank_account_linked,2026-08-03
694,first_deposit,2026-08-04
694,first_transaction,2026-08-05
695,registration_completed,2026-07-18
695,kyc_started,2026-07-19
695,kyc_completed,2026-07-20
695,bank_account_linked,2026-07-21
695,first_deposit,2026-07-22
695,first_transaction,2026-07-23
696,registration_completed,2026-07-04
696,kyc_started,2026-07-05
696,kyc_completed,2026-07-06
696,bank_account_linked,2026-07-07
697,registration_completed,2026-07-07
697,kyc_started,2026-07-08
697,kyc_completed,2026-07-09
697,bank_account_linked,2026-07-10
697,first_deposit,2026-07-11
697,first_transaction,2026-07-12
698,registration_completed,2026-08-01
698,kyc_started,2026-08-02
698,kyc_completed,2026-08-03
698,bank_account_linked,2026-08-04
698,first_deposit,2026-08-05
699,registration_completed,2026-06-16
699,kyc_started,2026-06-17
700,registration_completed,2026-06-27
700,kyc_started,2026-06-28
700,kyc_completed,2026-06-29
701,registration_completed,2026-07-06
701,kyc_started,2026-07-07
701,kyc_completed,2026-07-08
701,bank_account_linked,2026-07-09
701,first_deposit,2026-07-10
701,first_transaction,2026-07-11
702,registration_completed,2026-07-29
702,kyc_started,2026-07-30
702,kyc_completed,2026-07-31
702,bank_account_linked,2026-08-01
702,first_deposit,2026-08-02
702,first_transaction,2026-08-03
703,registration_completed,2026-07-22
703,kyc_started,2026-07-23
703,kyc_completed,2026-07-24
703,bank_account_linked,2026-07-25
703,first_deposit,2026-07-26
703,first_transaction,2026-07-27
704,registration_completed,2026-05-15
704,kyc_started,2026-05-16
704,kyc_completed,2026-05-17
704,bank_account_linked,2026-05-18
704,first_deposit,2026-05-19
704,first_transaction,2026-05-20
705,registration_completed,2026-05-23
705,kyc_started,2026-05-24
705,kyc_completed,2026-05-25
705,bank_account_linked,2026-05-26
705,first_deposit,2026-05-27
705,first_transaction,2026-05-28
706,registration_completed,2026-06-05
706,kyc_started,2026-06-06
706,kyc_completed,2026-06-07
706,bank_account_linked,2026-06-08
706,first_deposit,2026-06-09
706,first_transaction,2026-06-10
707,registration_completed,2026-07-15
707,kyc_started,2026-07-16
707,kyc_completed,2026-07-17
707,bank_account_linked,2026-07-18
707,first_deposit,2026-07-19
707,first_transaction,2026-07-20
708,registration_completed,2026-06-29
708,kyc_started,2026-06-30
708,kyc_completed,2026-07-01
709,registration_completed,2026-06-03
709,kyc_started,2026-06-04
709,kyc_completed,2026-06-05
709,bank_account_linked,2026-06-06
710,registration_completed,2026-05-20
710,kyc_started,2026-05-21
710,kyc_completed,2026-05-22
711,registration_completed,2026-07-09
711,kyc_started,2026-07-10
712,registration_completed,2026-07-10
712,kyc_started,2026-07-11
712,kyc_completed,2026-07-12
712,bank_account_linked,2026-07-13
712,first_deposit,2026-07-14
713,registration_completed,2026-08-01
713,kyc_started,2026-08-02
713,kyc_completed,2026-08-03
713,bank_account_linked,2026-08-04
713,first_deposit,2026-08-05
713,first_transaction,2026-08-06
714,registration_completed,2026-06-23
714,kyc_started,2026-06-24
715,registration_completed,2026-06-22
715,kyc_started,2026-06-23
715,kyc_completed,2026-06-24
715,bank_account_linked,2026-06-25
715,first_deposit,2026-06-26
716,registration_completed,2026-05-16
716,kyc_started,2026-05-17
716,kyc_completed,2026-05-18
717,registration_completed,2026-05-12
717,kyc_started,2026-05-13
717,kyc_completed,2026-05-14
718,registration_completed,2026-06-16
718,kyc_started,2026-06-17
719,registration_completed,2026-06-07
719,kyc_started,2026-06-08
719,kyc_completed,2026-06-09
719,bank_account_linked,2026-06-10
719,first_deposit,2026-06-11
719,first_transaction,2026-06-12
720,registration_completed,2026-05-31
720,kyc_started,2026-06-01
720,kyc_completed,2026-06-02
720,bank_account_linked,2026-06-03
721,registration_completed,2026-05-17
722,registration_completed,2026-08-03
722,kyc_started,2026-08-04
722,kyc_completed,2026-08-05
722,bank_account_linked,2026-08-06
722,first_deposit,2026-08-07
722,first_transaction,2026-08-08
723,registration_completed,2026-07-23
723,kyc_started,2026-07-24
723,kyc_completed,2026-07-25
724,registration_completed,2026-06-29
724,kyc_started,2026-06-30
724,kyc_completed,2026-07-01
724,bank_account_linked,2026-07-02
724,first_deposit,2026-07-03
724,first_transaction,2026-07-04
725,registration_completed,2026-08-02
726,registration_completed,2026-08-06
726,kyc_started,2026-08-07
726,kyc_completed,2026-08-08
726,bank_account_linked,2026-08-09
727,registration_completed,2026-07-08
727,kyc_started,2026-07-09
728,registration_completed,2026-06-02
728,kyc_started,2026-06-03
728,kyc_completed,2026-06-04
728,bank_account_linked,2026-06-05
728,first_deposit,2026-06-06
728,first_transaction,2026-06-07
729,registration_completed,2026-05-12
729,kyc_started,2026-05-13
730,registration_completed,2026-07-16
730,kyc_started,2026-07-17
730,kyc_completed,2026-07-18
730,bank_account_linked,2026-07-19
730,first_deposit,2026-07-20
730,first_transaction,2026-07-21
731,registration_completed,2026-06-20
731,kyc_started,2026-06-21
732,registration_completed,2026-07-06
732,kyc_started,2026-07-07
732,kyc_completed,2026-07-08
732,bank_account_linked,2026-07-09
732,first_deposit,2026-07-10
732,first_transaction,2026-07-11
733,registration_completed,2026-07-30
733,kyc_started,2026-07-31
733,kyc_completed,2026-08-01
733,bank_account_linked,2026-08-02
733,first_deposit,2026-08-03
733,first_transaction,2026-08-04
734,registration_completed,2026-05-25
734,kyc_started,2026-05-26
734,kyc_completed,2026-05-27
735,registration_completed,2026-06-30
735,kyc_started,2026-07-01
735,kyc_completed,2026-07-02
735,bank_account_linked,2026-07-03
736,registration_completed,2026-07-05
736,kyc_started,2026-07-06
736,kyc_completed,2026-07-07
737,registration_completed,2026-06-22
737,kyc_started,2026-06-23
737,kyc_completed,2026-06-24
737,bank_account_linked,2026-06-25
737,first_deposit,2026-06-26
737,first_transaction,2026-06-27
738,registration_completed,2026-05-17
738,kyc_started,2026-05-18
738,kyc_completed,2026-05-19
738,bank_account_linked,2026-05-20
738,first_deposit,2026-05-21
738,first_transaction,2026-05-22
739,registration_completed,2026-06-09
739,kyc_started,2026-06-10
739,kyc_completed,2026-06-11
739,bank_account_linked,2026-06-12
739,first_deposit,2026-06-13
739,first_transaction,2026-06-14
740,registration_completed,2026-06-07
740,kyc_started,2026-06-08
740,kyc_completed,2026-06-09
741,registration_completed,2026-07-08
741,kyc_started,2026-07-09
741,kyc_completed,2026-07-10
741,bank_account_linked,2026-07-11
741,first_deposit,2026-07-12
742,registration_completed,2026-07-25
743,registration_completed,2026-06-07
743,kyc_started,2026-06-08
744,registration_completed,2026-07-10
745,registration_completed,2026-06-03
745,kyc_started,2026-06-04
745,kyc_completed,2026-06-05
745,bank_account_linked,2026-06-06
745,first_deposit,2026-06-07
745,first_transaction,2026-06-08
746,registration_completed,2026-08-02
746,kyc_started,2026-08-03
746,kyc_completed,2026-08-04
747,registration_completed,2026-07-21
748,registration_completed,2026-06-27
748,kyc_started,2026-06-28
748,kyc_completed,2026-06-29
749,registration_completed,2026-06-18
749,kyc_started,2026-06-19
749,kyc_completed,2026-06-20
749,bank_account_linked,2026-06-21
749,first_deposit,2026-06-22
749,first_transaction,2026-06-23
750,registration_completed,2026-06-06
751,registration_completed,2026-06-07
751,kyc_started,2026-06-08
751,kyc_completed,2026-06-09
751,bank_account_linked,2026-06-10
751,first_deposit,2026-06-11
751,first_transaction,2026-06-12
752,registration_completed,2026-08-04
752,kyc_started,2026-08-05
752,kyc_completed,2026-08-06
752,bank_account_linked,2026-08-07
752,first_deposit,2026-08-08
752,first_transaction,2026-08-09
753,registration_completed,2026-06-14
753,kyc_started,2026-06-15
753,kyc_completed,2026-06-16
753,bank_account_linked,2026-06-17
754,registration_completed,2026-06-24
754,kyc_started,2026-06-25
754,kyc_completed,2026-06-26
754,bank_account_linked,2026-06-27
754,first_deposit,2026-06-28
754,first_transaction,2026-06-29
755,registration_completed,2026-08-05
755,kyc_started,2026-08-06
756,registration_completed,2026-07-07
756,kyc_started,2026-07-08
756,kyc_completed,2026-07-09
756,bank_account_linked,2026-07-10
756,first_deposit,2026-07-11
756,first_transaction,2026-07-12
757,registration_completed,2026-06-26
757,kyc_started,2026-06-27
757,kyc_completed,2026-06-28
757,bank_account_linked,2026-06-29
757,first_deposit,2026-06-30
757,first_transaction,2026-07-01
758,registration_completed,2026-06-15
758,kyc_started,2026-06-16
758,kyc_completed,2026-06-17
758,bank_account_linked,2026-06-18
758,first_deposit,2026-06-19
758,first_transaction,2026-06-20
759,registration_completed,2026-05-25
759,kyc_started,2026-05-26
759,kyc_completed,2026-05-27
759,bank_account_linked,2026-05-28
759,first_deposit,2026-05-29
759,first_transaction,2026-05-30
760,registration_completed,2026-06-10
760,kyc_started,2026-06-11
760,kyc_completed,2026-06-12
760,bank_account_linked,2026-06-13
760,first_deposit,2026-06-14
761,registration_completed,2026-07-16
762,registration_completed,2026-07-04
762,kyc_started,2026-07-05
762,kyc_completed,2026-07-06
762,bank_account_linked,2026-07-07
762,first_deposit,2026-07-08
762,first_transaction,2026-07-09
763,registration_completed,2026-07-16
764,registration_completed,2026-05-27
764,kyc_started,2026-05-28
764,kyc_completed,2026-05-29
764,bank_account_linked,2026-05-30
764,first_deposit,2026-05-31
764,first_transaction,2026-06-01
765,registration_completed,2026-06-27
766,registration_completed,2026-07-31
766,kyc_started,2026-08-01
766,kyc_completed,2026-08-02
766,bank_account_linked,2026-08-03
767,registration_completed,2026-06-17
768,registration_completed,2026-07-10
769,registration_completed,2026-05-19
770,registration_completed,2026-08-04
770,kyc_started,2026-08-05
770,kyc_completed,2026-08-06
771,registration_completed,2026-07-02
771,kyc_started,2026-07-03
771,kyc_completed,2026-07-04
771,bank_account_linked,2026-07-05
771,first_deposit,2026-07-06
771,first_transaction,2026-07-07
772,registration_completed,2026-05-30
772,kyc_started,2026-05-31
772,kyc_completed,2026-06-01
772,bank_account_linked,2026-06-02
772,first_deposit,2026-06-03
772,first_transaction,2026-06-04
773,registration_completed,2026-05-23
773,kyc_started,2026-05-24
773,kyc_completed,2026-05-25
773,bank_account_linked,2026-05-26
773,first_deposit,2026-05-27
773,first_transaction,2026-05-28
774,registration_completed,2026-06-27
775,registration_completed,2026-06-27
775,kyc_started,2026-06-28
775,kyc_completed,2026-06-29
775,bank_account_linked,2026-06-30
775,first_deposit,2026-07-01
775,first_transaction,2026-07-02
776,registration_completed,2026-05-17
776,kyc_started,2026-05-18
777,registration_completed,2026-08-06
777,kyc_started,2026-08-07
777,kyc_completed,2026-08-08
777,bank_account_linked,2026-08-09
777,first_deposit,2026-08-10
778,registration_completed,2026-07-30
778,kyc_started,2026-07-31
778,kyc_completed,2026-08-01
778,bank_account_linked,2026-08-02
778,first_deposit,2026-08-03
778,first_transaction,2026-08-04
779,registration_completed,2026-06-19
779,kyc_started,2026-06-20
779,kyc_completed,2026-06-21
779,bank_account_linked,2026-06-22
779,first_deposit,2026-06-23
779,first_transaction,2026-06-24
780,registration_completed,2026-05-19
780,kyc_started,2026-05-20
780,kyc_completed,2026-05-21
780,bank_account_linked,2026-05-22
780,first_deposit,2026-05-23
780,first_transaction,2026-05-24
781,registration_completed,2026-07-22
781,kyc_started,2026-07-23
782,registration_completed,2026-06-22
782,kyc_started,2026-06-23
783,registration_completed,2026-07-12
783,kyc_started,2026-07-13
783,kyc_completed,2026-07-14
783,bank_account_linked,2026-07-15
783,first_deposit,2026-07-16
783,first_transaction,2026-07-17
784,registration_completed,2026-06-23
784,kyc_started,2026-06-24
784,kyc_completed,2026-06-25
784,bank_account_linked,2026-06-26
784,first_deposit,2026-06-27
784,first_transaction,2026-06-28
785,registration_completed,2026-06-02
785,kyc_started,2026-06-03
785,kyc_completed,2026-06-04
785,bank_account_linked,2026-06-05
785,first_deposit,2026-06-06
785,first_transaction,2026-06-07
786,registration_completed,2026-07-23
786,kyc_started,2026-07-24
787,registration_completed,2026-08-05
787,kyc_started,2026-08-06
787,kyc_completed,2026-08-07
788,registration_completed,2026-05-30
788,kyc_started,2026-05-31
789,registration_completed,2026-06-27
789,kyc_started,2026-06-28
789,kyc_completed,2026-06-29
789,bank_account_linked,2026-06-30
789,first_deposit,2026-07-01
789,first_transaction,2026-07-02
790,registration_completed,2026-06-12
790,kyc_started,2026-06-13
791,registration_completed,2026-07-30
791,kyc_started,2026-07-31
791,kyc_completed,2026-08-01
792,registration_completed,2026-06-23
793,registration_completed,2026-07-27
793,kyc_started,2026-07-28
793,kyc_completed,2026-07-29
793,bank_account_linked,2026-07-30
793,first_deposit,2026-07-31
794,registration_completed,2026-07-25
795,registration_completed,2026-06-02
795,kyc_started,2026-06-03
796,registration_completed,2026-07-19
796,kyc_started,2026-07-20
796,kyc_completed,2026-07-21
796,bank_account_linked,2026-07-22
797,registration_completed,2026-06-15
797,kyc_started,2026-06-16
797,kyc_completed,2026-06-17
797,bank_account_linked,2026-06-18
797,first_deposit,2026-06-19
797,first_transaction,2026-06-20
798,registration_completed,2026-08-01
798,kyc_started,2026-08-02
799,registration_completed,2026-06-23
799,kyc_started,2026-06-24
799,kyc_completed,2026-06-25
799,bank_account_linked,2026-06-26
800,registration_completed,2026-07-21
800,kyc_started,2026-07-22
800,kyc_completed,2026-07-23
800,bank_account_linked,2026-07-24
800,first_deposit,2026-07-25
800,first_transaction,2026-07-26
801,registration_completed,2026-06-03
801,kyc_started,2026-06-04
802,registration_completed,2026-06-04
802,kyc_started,2026-06-05
802,kyc_completed,2026-06-06
802,bank_account_linked,2026-06-07
802,first_deposit,2026-06-08
802,first_transaction,2026-06-09
803,registration_completed,2026-06-30
803,kyc_started,2026-07-01
803,kyc_completed,2026-07-02
803,bank_account_linked,2026-07-03
803,first_deposit,2026-07-04
803,first_transaction,2026-07-05
804,registration_completed,2026-08-06
804,kyc_started,2026-08-07
804,kyc_completed,2026-08-08
805,registration_completed,2026-06-22
805,kyc_started,2026-06-23
805,kyc_completed,2026-06-24
805,bank_account_linked,2026-06-25
805,first_deposit,2026-06-26
805,first_transaction,2026-06-27
806,registration_completed,2026-05-22
806,kyc_started,2026-05-23
806,kyc_completed,2026-05-24
806,bank_account_linked,2026-05-25
807,registration_completed,2026-06-26
807,kyc_started,2026-06-27
807,kyc_completed,2026-06-28
807,bank_account_linked,2026-06-29
807,first_deposit,2026-06-30
807,first_transaction,2026-07-01
808,registration_completed,2026-06-09
808,kyc_started,2026-06-10
809,registration_completed,2026-06-27
809,kyc_started,2026-06-28
809,kyc_completed,2026-06-29
809,bank_account_linked,2026-06-30
810,registration_completed,2026-06-26
810,kyc_started,2026-06-27
810,kyc_completed,2026-06-28
810,bank_account_linked,2026-06-29
810,first_deposit,2026-06-30
810,first_transaction,2026-07-01
811,registration_completed,2026-06-18
811,kyc_started,2026-06-19
812,registration_completed,2026-06-06
812,kyc_started,2026-06-07
812,kyc_completed,2026-06-08
813,registration_completed,2026-05-25
813,kyc_started,2026-05-26
813,kyc_completed,2026-05-27
813,bank_account_linked,2026-05-28
814,registration_completed,2026-07-10
814,kyc_started,2026-07-11
815,registration_completed,2026-06-29
816,registration_completed,2026-05-30
816,kyc_started,2026-05-31
817,registration_completed,2026-07-17
817,kyc_started,2026-07-18
817,kyc_completed,2026-07-19
817,bank_account_linked,2026-07-20
817,first_deposit,2026-07-21
818,registration_completed,2026-05-12
819,registration_completed,2026-07-15
819,kyc_started,2026-07-16
820,registration_completed,2026-07-11
820,kyc_started,2026-07-12
820,kyc_completed,2026-07-13
820,bank_account_linked,2026-07-14
821,registration_completed,2026-07-21
821,kyc_started,2026-07-22
821,kyc_completed,2026-07-23
821,bank_account_linked,2026-07-24
821,first_deposit,2026-07-25
821,first_transaction,2026-07-26
822,registration_completed,2026-06-12
822,kyc_started,2026-06-13
822,kyc_completed,2026-06-14
822,bank_account_linked,2026-06-15
822,first_deposit,2026-06-16
822,first_transaction,2026-06-17
823,registration_completed,2026-07-07
823,kyc_started,2026-07-08
823,kyc_completed,2026-07-09
823,bank_account_linked,2026-07-10
823,first_deposit,2026-07-11
823,first_transaction,2026-07-12
824,registration_completed,2026-07-21
824,kyc_started,2026-07-22
824,kyc_completed,2026-07-23
824,bank_account_linked,2026-07-24
825,registration_completed,2026-08-05
825,kyc_started,2026-08-06
826,registration_completed,2026-06-22
827,registration_completed,2026-05-12
827,kyc_started,2026-05-13
827,kyc_completed,2026-05-14
827,bank_account_linked,2026-05-15
827,first_deposit,2026-05-16
827,first_transaction,2026-05-17
828,registration_completed,2026-06-23
828,kyc_started,2026-06-24
828,kyc_completed,2026-06-25
828,bank_account_linked,2026-06-26
828,first_deposit,2026-06-27
828,first_transaction,2026-06-28
829,registration_completed,2026-07-01
829,kyc_started,2026-07-02
829,kyc_completed,2026-07-03
829,bank_account_linked,2026-07-04
829,first_deposit,2026-07-05
829,first_transaction,2026-07-06
830,registration_completed,2026-07-26
830,kyc_started,2026-07-27
831,registration_completed,2026-07-26
831,kyc_started,2026-07-27
831,kyc_completed,2026-07-28
831,bank_account_linked,2026-07-29
831,first_deposit,2026-07-30
831,first_transaction,2026-07-31
832,registration_completed,2026-06-17
833,registration_completed,2026-06-25
833,kyc_started,2026-06-26
833,kyc_completed,2026-06-27
834,registration_completed,2026-06-19
834,kyc_started,2026-06-20
834,kyc_completed,2026-06-21
834,bank_account_linked,2026-06-22
835,registration_completed,2026-07-13
835,kyc_started,2026-07-14
835,kyc_completed,2026-07-15
836,registration_completed,2026-06-14
836,kyc_started,2026-06-15
836,kyc_completed,2026-06-16
836,bank_account_linked,2026-06-17
836,first_deposit,2026-06-18
836,first_transaction,2026-06-19
837,registration_completed,2026-07-06
837,kyc_started,2026-07-07
837,kyc_completed,2026-07-08
837,bank_account_linked,2026-07-09
838,registration_completed,2026-05-22
838,kyc_started,2026-05-23
839,registration_completed,2026-06-20
839,kyc_started,2026-06-21
839,kyc_completed,2026-06-22
840,registration_completed,2026-08-04
840,kyc_started,2026-08-05
840,kyc_completed,2026-08-06
840,bank_account_linked,2026-08-07
840,first_deposit,2026-08-08
840,first_transaction,2026-08-09
841,registration_completed,2026-06-08
841,kyc_started,2026-06-09
841,kyc_completed,2026-06-10
841,bank_account_linked,2026-06-11
841,first_deposit,2026-06-12
841,first_transaction,2026-06-13
842,registration_completed,2026-07-10
842,kyc_started,2026-07-11
842,kyc_completed,2026-07-12
842,bank_account_linked,2026-07-13
842,first_deposit,2026-07-14
843,registration_completed,2026-07-06
843,kyc_started,2026-07-07
843,kyc_completed,2026-07-08
844,registration_completed,2026-07-24
844,kyc_started,2026-07-25
845,registration_completed,2026-07-24
845,kyc_started,2026-07-25
845,kyc_completed,2026-07-26
845,bank_account_linked,2026-07-27
845,first_deposit,2026-07-28
845,first_transaction,2026-07-29
846,registration_completed,2026-07-25
846,kyc_started,2026-07-26
847,registration_completed,2026-06-12
847,kyc_started,2026-06-13
847,kyc_completed,2026-06-14
847,bank_account_linked,2026-06-15
847,first_deposit,2026-06-16
847,first_transaction,2026-06-17
848,registration_completed,2026-06-06
848,kyc_started,2026-06-07
848,kyc_completed,2026-06-08
848,bank_account_linked,2026-06-09
848,first_deposit,2026-06-10
848,first_transaction,2026-06-11
849,registration_completed,2026-07-12
849,kyc_started,2026-07-13
849,kyc_completed,2026-07-14
849,bank_account_linked,2026-07-15
850,registration_completed,2026-07-16
850,kyc_started,2026-07-17
850,kyc_completed,2026-07-18
850,bank_account_linked,2026-07-19
850,first_deposit,2026-07-20
850,first_transaction,2026-07-21
851,registration_completed,2026-07-26
851,kyc_started,2026-07-27
851,kyc_completed,2026-07-28
851,bank_account_linked,2026-07-29
851,first_deposit,2026-07-30
851,first_transaction,2026-07-31
852,registration_completed,2026-05-12
852,kyc_started,2026-05-13
853,registration_completed,2026-05-15
853,kyc_started,2026-05-16
853,kyc_completed,2026-05-17
853,bank_account_linked,2026-05-18
853,first_deposit,2026-05-19
853,first_transaction,2026-05-20
854,registration_completed,2026-07-04
854,kyc_started,2026-07-05
854,kyc_completed,2026-07-06
854,bank_account_linked,2026-07-07
854,first_deposit,2026-07-08
854,first_transaction,2026-07-09
855,registration_completed,2026-07-30
855,kyc_started,2026-07-31
856,registration_completed,2026-08-06
856,kyc_started,2026-08-07
856,kyc_completed,2026-08-08
856,bank_account_linked,2026-08-09
857,registration_completed,2026-07-15
857,kyc_started,2026-07-16
857,kyc_completed,2026-07-17
857,bank_account_linked,2026-07-18
858,registration_completed,2026-06-17
858,kyc_started,2026-06-18
858,kyc_completed,2026-06-19
858,bank_account_linked,2026-06-20
858,first_deposit,2026-06-21
858,first_transaction,2026-06-22
859,registration_completed,2026-05-17
860,registration_completed,2026-07-05
860,kyc_started,2026-07-06
860,kyc_completed,2026-07-07
860,bank_account_linked,2026-07-08
860,first_deposit,2026-07-09
860,first_transaction,2026-07-10
861,registration_completed,2026-07-26
861,kyc_started,2026-07-27
861,kyc_completed,2026-07-28
862,registration_completed,2026-06-17
862,kyc_started,2026-06-18
863,registration_completed,2026-07-10
863,kyc_started,2026-07-11
863,kyc_completed,2026-07-12
863,bank_account_linked,2026-07-13
863,first_deposit,2026-07-14
863,first_transaction,2026-07-15
864,registration_completed,2026-07-29
864,kyc_started,2026-07-30
864,kyc_completed,2026-07-31
864,bank_account_linked,2026-08-01
864,first_deposit,2026-08-02
865,registration_completed,2026-05-13
865,kyc_started,2026-05-14
865,kyc_completed,2026-05-15
865,bank_account_linked,2026-05-16
865,first_deposit,2026-05-17
865,first_transaction,2026-05-18
866,registration_completed,2026-07-19
866,kyc_started,2026-07-20
866,kyc_completed,2026-07-21
866,bank_account_linked,2026-07-22
866,first_deposit,2026-07-23
866,first_transaction,2026-07-24
867,registration_completed,2026-06-04
867,kyc_started,2026-06-05
868,registration_completed,2026-06-11
868,kyc_started,2026-06-12
868,kyc_completed,2026-06-13
868,bank_account_linked,2026-06-14
868,first_deposit,2026-06-15
868,first_transaction,2026-06-16
869,registration_completed,2026-05-22
869,kyc_started,2026-05-23
869,kyc_completed,2026-05-24
869,bank_account_linked,2026-05-25
869,first_deposit,2026-05-26
869,first_transaction,2026-05-27
870,registration_completed,2026-06-25
870,kyc_started,2026-06-26
870,kyc_completed,2026-06-27
870,bank_account_linked,2026-06-28
870,first_deposit,2026-06-29
870,first_transaction,2026-06-30
871,registration_completed,2026-06-28
872,registration_completed,2026-07-19
872,kyc_started,2026-07-20
872,kyc_completed,2026-07-21
872,bank_account_linked,2026-07-22
872,first_deposit,2026-07-23
872,first_transaction,2026-07-24
873,registration_completed,2026-05-24
873,kyc_started,2026-05-25
873,kyc_completed,2026-05-26
873,bank_account_linked,2026-05-27
874,registration_completed,2026-05-16
874,kyc_started,2026-05-17
874,kyc_completed,2026-05-18
874,bank_account_linked,2026-05-19
874,first_deposit,2026-05-20
875,registration_completed,2026-07-26
876,registration_completed,2026-07-03
877,registration_completed,2026-05-30
877,kyc_started,2026-05-31
877,kyc_completed,2026-06-01
877,bank_account_linked,2026-06-02
877,first_deposit,2026-06-03
877,first_transaction,2026-06-04
878,registration_completed,2026-07-30
878,kyc_started,2026-07-31
879,registration_completed,2026-05-21
879,kyc_started,2026-05-22
879,kyc_completed,2026-05-23
879,bank_account_linked,2026-05-24
879,first_deposit,2026-05-25
879,first_transaction,2026-05-26
880,registration_completed,2026-06-19
880,kyc_started,2026-06-20
880,kyc_completed,2026-06-21
880,bank_account_linked,2026-06-22
880,first_deposit,2026-06-23
880,first_transaction,2026-06-24
881,registration_completed,2026-05-31
881,kyc_started,2026-06-01
881,kyc_completed,2026-06-02
881,bank_account_linked,2026-06-03
881,first_deposit,2026-06-04
881,first_transaction,2026-06-05
882,registration_completed,2026-05-31
882,kyc_started,2026-06-01
882,kyc_completed,2026-06-02
883,registration_completed,2026-05-09
883,kyc_started,2026-05-10
883,kyc_completed,2026-05-11
884,registration_completed,2026-07-20
884,kyc_started,2026-07-21
885,registration_completed,2026-07-29
886,registration_completed,2026-07-08
886,kyc_started,2026-07-09
887,registration_completed,2026-05-23
887,kyc_started,2026-05-24
887,kyc_completed,2026-05-25
887,bank_account_linked,2026-05-26
887,first_deposit,2026-05-27
887,first_transaction,2026-05-28
888,registration_completed,2026-06-17
888,kyc_started,2026-06-18
888,kyc_completed,2026-06-19
888,bank_account_linked,2026-06-20
888,first_deposit,2026-06-21
888,first_transaction,2026-06-22
889,registration_completed,2026-06-09
890,registration_completed,2026-06-30
890,kyc_started,2026-07-01
891,registration_completed,2026-07-05
891,kyc_started,2026-07-06
891,kyc_completed,2026-07-07
891,bank_account_linked,2026-07-08
891,first_deposit,2026-07-09
892,registration_completed,2026-06-16
892,kyc_started,2026-06-17
892,kyc_completed,2026-06-18
892,bank_account_linked,2026-06-19
892,first_deposit,2026-06-20
892,first_transaction,2026-06-21
893,registration_completed,2026-05-31
893,kyc_started,2026-06-01
893,kyc_completed,2026-06-02
894,registration_completed,2026-07-24
894,kyc_started,2026-07-25
895,registration_completed,2026-05-26
895,kyc_started,2026-05-27
895,kyc_completed,2026-05-28
896,registration_completed,2026-06-12
897,registration_completed,2026-06-21
897,kyc_started,2026-06-22
897,kyc_completed,2026-06-23
897,bank_account_linked,2026-06-24
897,first_deposit,2026-06-25
897,first_transaction,2026-06-26
898,registration_completed,2026-05-30
898,kyc_started,2026-05-31
899,registration_completed,2026-06-29
899,kyc_started,2026-06-30
899,kyc_completed,2026-07-01
900,registration_completed,2026-06-29
900,kyc_started,2026-06-30
900,kyc_completed,2026-07-01
900,bank_account_linked,2026-07-02
900,first_deposit,2026-07-03
900,first_transaction,2026-07-04
901,registration_completed,2026-08-06
901,kyc_started,2026-08-07
901,kyc_completed,2026-08-08
902,registration_completed,2026-06-04
902,kyc_started,2026-06-05
902,kyc_completed,2026-06-06
902,bank_account_linked,2026-06-07
902,first_deposit,2026-06-08
902,first_transaction,2026-06-09
903,registration_completed,2026-08-05
903,kyc_started,2026-08-06
903,kyc_completed,2026-08-07
903,bank_account_linked,2026-08-08
903,first_deposit,2026-08-09
903,first_transaction,2026-08-10
904,registration_completed,2026-07-07
904,kyc_started,2026-07-08
904,kyc_completed,2026-07-09
905,registration_completed,2026-06-02
906,registration_completed,2026-06-28
906,kyc_started,2026-06-29
906,kyc_completed,2026-06-30
907,registration_completed,2026-07-09
907,kyc_started,2026-07-10
907,kyc_completed,2026-07-11
907,bank_account_linked,2026-07-12
907,first_deposit,2026-07-13
907,first_transaction,2026-07-14
908,registration_completed,2026-07-15
909,registration_completed,2026-05-13
909,kyc_started,2026-05-14
909,kyc_completed,2026-05-15
909,bank_account_linked,2026-05-16
909,first_deposit,2026-05-17
909,first_transaction,2026-05-18
910,registration_completed,2026-07-02
910,kyc_started,2026-07-03
910,kyc_completed,2026-07-04
910,bank_account_linked,2026-07-05
910,first_deposit,2026-07-06
910,first_transaction,2026-07-07
911,registration_completed,2026-06-22
911,kyc_started,2026-06-23
911,kyc_completed,2026-06-24
911,bank_account_linked,2026-06-25
911,first_deposit,2026-06-26
911,first_transaction,2026-06-27
912,registration_completed,2026-07-29
912,kyc_started,2026-07-30
912,kyc_completed,2026-07-31
913,registration_completed,2026-06-03
913,kyc_started,2026-06-04
913,kyc_completed,2026-06-05
913,bank_account_linked,2026-06-06
913,first_deposit,2026-06-07
913,first_transaction,2026-06-08
914,registration_completed,2026-07-19
914,kyc_started,2026-07-20
914,kyc_completed,2026-07-21
915,registration_completed,2026-07-02
915,kyc_started,2026-07-03
915,kyc_completed,2026-07-04
915,bank_account_linked,2026-07-05
916,registration_completed,2026-06-09
916,kyc_started,2026-06-10
916,kyc_completed,2026-06-11
916,bank_account_linked,2026-06-12
916,first_deposit,2026-06-13
916,first_transaction,2026-06-14
917,registration_completed,2026-07-05
917,kyc_started,2026-07-06
917,kyc_completed,2026-07-07
918,registration_completed,2026-07-03
918,kyc_started,2026-07-04
918,kyc_completed,2026-07-05
918,bank_account_linked,2026-07-06
918,first_deposit,2026-07-07
918,first_transaction,2026-07-08
919,registration_completed,2026-07-08
919,kyc_started,2026-07-09
919,kyc_completed,2026-07-10
919,bank_account_linked,2026-07-11
919,first_deposit,2026-07-12
919,first_transaction,2026-07-13
920,registration_completed,2026-07-12
920,kyc_started,2026-07-13
920,kyc_completed,2026-07-14
920,bank_account_linked,2026-07-15
920,first_deposit,2026-07-16
920,first_transaction,2026-07-17
921,registration_completed,2026-07-07
921,kyc_started,2026-07-08
921,kyc_completed,2026-07-09
921,bank_account_linked,2026-07-10
921,first_deposit,2026-07-11
921,first_transaction,2026-07-12
922,registration_completed,2026-07-23
922,kyc_started,2026-07-24
922,kyc_completed,2026-07-25
922,bank_account_linked,2026-07-26
923,registration_completed,2026-07-04
923,kyc_started,2026-07-05
923,kyc_completed,2026-07-06
924,registration_completed,2026-07-29
924,kyc_started,2026-07-30
925,registration_completed,2026-07-06
925,kyc_started,2026-07-07
925,kyc_completed,2026-07-08
925,bank_account_linked,2026-07-09
925,first_deposit,2026-07-10
925,first_transaction,2026-07-11
926,registration_completed,2026-06-05
926,kyc_started,2026-06-06
927,registration_completed,2026-06-17
927,kyc_started,2026-06-18
927,kyc_completed,2026-06-19
927,bank_account_linked,2026-06-20
927,first_deposit,2026-06-21
927,first_transaction,2026-06-22
928,registration_completed,2026-06-30
928,kyc_started,2026-07-01
928,kyc_completed,2026-07-02
928,bank_account_linked,2026-07-03
928,first_deposit,2026-07-04
928,first_transaction,2026-07-05
929,registration_completed,2026-07-13
929,kyc_started,2026-07-14
929,kyc_completed,2026-07-15
929,bank_account_linked,2026-07-16
929,first_deposit,2026-07-17
929,first_transaction,2026-07-18
930,registration_completed,2026-05-17
930,kyc_started,2026-05-18
930,kyc_completed,2026-05-19
930,bank_account_linked,2026-05-20
930,first_deposit,2026-05-21
931,registration_completed,2026-06-04
931,kyc_started,2026-06-05
931,kyc_completed,2026-06-06
931,bank_account_linked,2026-06-07
931,first_deposit,2026-06-08
931,first_transaction,2026-06-09
932,registration_completed,2026-07-15
932,kyc_started,2026-07-16
933,registration_completed,2026-05-24
933,kyc_started,2026-05-25
933,kyc_completed,2026-05-26
934,registration_completed,2026-05-20
935,registration_completed,2026-06-26
936,registration_completed,2026-08-04
937,registration_completed,2026-06-25
937,kyc_started,2026-06-26
937,kyc_completed,2026-06-27
937,bank_account_linked,2026-06-28
937,first_deposit,2026-06-29
937,first_transaction,2026-06-30
938,registration_completed,2026-07-30
938,kyc_started,2026-07-31
938,kyc_completed,2026-08-01
939,registration_completed,2026-07-22
939,kyc_started,2026-07-23
940,registration_completed,2026-06-01
941,registration_completed,2026-07-22
941,kyc_started,2026-07-23
942,registration_completed,2026-06-21
942,kyc_started,2026-06-22
942,kyc_completed,2026-06-23
942,bank_account_linked,2026-06-24
942,first_deposit,2026-06-25
942,first_transaction,2026-06-26
943,registration_completed,2026-07-20
943,kyc_started,2026-07-21
943,kyc_completed,2026-07-22
943,bank_account_linked,2026-07-23
943,first_deposit,2026-07-24
943,first_transaction,2026-07-25
944,registration_completed,2026-07-15
944,kyc_started,2026-07-16
945,registration_completed,2026-06-08
945,kyc_started,2026-06-09
946,registration_completed,2026-05-19
946,kyc_started,2026-05-20
946,kyc_completed,2026-05-21
946,bank_account_linked,2026-05-22
946,first_deposit,2026-05-23
946,first_transaction,2026-05-24
947,registration_completed,2026-08-03
947,kyc_started,2026-08-04
947,kyc_completed,2026-08-05
947,bank_account_linked,2026-08-06
947,first_deposit,2026-08-07
947,first_transaction,2026-08-08
948,registration_completed,2026-05-21
948,kyc_started,2026-05-22
949,registration_completed,2026-08-03
949,kyc_started,2026-08-04
949,kyc_completed,2026-08-05
949,bank_account_linked,2026-08-06
950,registration_completed,2026-07-25
951,registration_completed,2026-07-13
951,kyc_started,2026-07-14
952,registration_completed,2026-08-05
952,kyc_started,2026-08-06
953,registration_completed,2026-08-04
953,kyc_started,2026-08-05
953,kyc_completed,2026-08-06
953,bank_account_linked,2026-08-07
953,first_deposit,2026-08-08
953,first_transaction,2026-08-09
954,registration_completed,2026-07-20
954,kyc_started,2026-07-21
954,kyc_completed,2026-07-22
955,registration_completed,2026-06-10
955,kyc_started,2026-06-11
955,kyc_completed,2026-06-12
955,bank_account_linked,2026-06-13
955,first_deposit,2026-06-14
955,first_transaction,2026-06-15
956,registration_completed,2026-07-19
956,kyc_started,2026-07-20
957,registration_completed,2026-05-10
957,kyc_started,2026-05-11
958,registration_completed,2026-06-26
958,kyc_started,2026-06-27
959,registration_completed,2026-06-18
959,kyc_started,2026-06-19
959,kyc_completed,2026-06-20
959,bank_account_linked,2026-06-21
959,first_deposit,2026-06-22
959,first_transaction,2026-06-23
960,registration_completed,2026-07-08
961,registration_completed,2026-07-08
961,kyc_started,2026-07-09
961,kyc_completed,2026-07-10
961,bank_account_linked,2026-07-11
961,first_deposit,2026-07-12
961,first_transaction,2026-07-13
962,registration_completed,2026-06-30
962,kyc_started,2026-07-01
962,kyc_completed,2026-07-02
962,bank_account_linked,2026-07-03
962,first_deposit,2026-07-04
962,first_transaction,2026-07-05
963,registration_completed,2026-07-22
963,kyc_started,2026-07-23
963,kyc_completed,2026-07-24
963,bank_account_linked,2026-07-25
963,first_deposit,2026-07-26
964,registration_completed,2026-08-01
964,kyc_started,2026-08-02
964,kyc_completed,2026-08-03
965,registration_completed,2026-05-18
965,kyc_started,2026-05-19
966,registration_completed,2026-05-30
966,kyc_started,2026-05-31
966,kyc_completed,2026-06-01
966,bank_account_linked,2026-06-02
966,first_deposit,2026-06-03
966,first_transaction,2026-06-04
967,registration_completed,2026-05-11
968,registration_completed,2026-07-27
968,kyc_started,2026-07-28
968,kyc_completed,2026-07-29
968,bank_account_linked,2026-07-30
968,first_deposit,2026-07-31
968,first_transaction,2026-08-01
969,registration_completed,2026-06-28
970,registration_completed,2026-07-30
971,registration_completed,2026-05-28
972,registration_completed,2026-05-14
972,kyc_started,2026-05-15
973,registration_completed,2026-07-22
973,kyc_started,2026-07-23
973,kyc_completed,2026-07-24
974,registration_completed,2026-07-29
974,kyc_started,2026-07-30
974,kyc_completed,2026-07-31
974,bank_account_linked,2026-08-01
974,first_deposit,2026-08-02
974,first_transaction,2026-08-03
975,registration_completed,2026-06-05
975,kyc_started,2026-06-06
975,kyc_completed,2026-06-07
975,bank_account_linked,2026-06-08
975,first_deposit,2026-06-09
975,first_transaction,2026-06-10
976,registration_completed,2026-06-14
976,kyc_started,2026-06-15
977,registration_completed,2026-05-21
977,kyc_started,2026-05-22
977,kyc_completed,2026-05-23
978,registration_completed,2026-08-02
978,kyc_started,2026-08-03
978,kyc_completed,2026-08-04
978,bank_account_linked,2026-08-05
978,first_deposit,2026-08-06
978,first_transaction,2026-08-07
979,registration_completed,2026-06-05
979,kyc_started,2026-06-06
979,kyc_completed,2026-06-07
979,bank_account_linked,2026-06-08
979,first_deposit,2026-06-09
979,first_transaction,2026-06-10
980,registration_completed,2026-06-22
980,kyc_started,2026-06-23
980,kyc_completed,2026-06-24
980,bank_account_linked,2026-06-25
980,first_deposit,2026-06-26
980,first_transaction,2026-06-27
981,registration_completed,2026-05-17
981,kyc_started,2026-05-18
981,kyc_completed,2026-05-19
981,bank_account_linked,2026-05-20
981,first_deposit,2026-05-21
981,first_transaction,2026-05-22
982,registration_completed,2026-07-27
982,kyc_started,2026-07-28
982,kyc_completed,2026-07-29
982,bank_account_linked,2026-07-30
982,first_deposit,2026-07-31
982,first_transaction,2026-08-01
983,registration_completed,2026-05-21
983,kyc_started,2026-05-22
984,registration_completed,2026-06-18
984,kyc_started,2026-06-19
985,registration_completed,2026-07-08
985,kyc_started,2026-07-09
985,kyc_completed,2026-07-10
985,bank_account_linked,2026-07-11
985,first_deposit,2026-07-12
985,first_transaction,2026-07-13
986,registration_completed,2026-07-14
986,kyc_started,2026-07-15
986,kyc_completed,2026-07-16
986,bank_account_linked,2026-07-17
986,first_deposit,2026-07-18
986,first_transaction,2026-07-19
987,registration_completed,2026-08-02
987,kyc_started,2026-08-03
987,kyc_completed,2026-08-04
987,bank_account_linked,2026-08-05
987,first_deposit,2026-08-06
987,first_transaction,2026-08-07
988,registration_completed,2026-06-15
988,kyc_started,2026-06-16
988,kyc_completed,2026-06-17
988,bank_account_linked,2026-06-18
988,first_deposit,2026-06-19
989,registration_completed,2026-07-14
989,kyc_started,2026-07-15
989,kyc_completed,2026-07-16
989,bank_account_linked,2026-07-17
989,first_deposit,2026-07-18
990,registration_completed,2026-05-22
990,kyc_started,2026-05-23
990,kyc_completed,2026-05-24
990,bank_account_linked,2026-05-25
990,first_deposit,2026-05-26
990,first_transaction,2026-05-27
991,registration_completed,2026-06-15
992,registration_completed,2026-05-17
992,kyc_started,2026-05-18
992,kyc_completed,2026-05-19
992,bank_account_linked,2026-05-20
992,first_deposit,2026-05-21
993,registration_completed,2026-06-22
993,kyc_started,2026-06-23
993,kyc_completed,2026-06-24
993,bank_account_linked,2026-06-25
993,first_deposit,2026-06-26
993,first_transaction,2026-06-27
994,registration_completed,2026-06-14
994,kyc_started,2026-06-15
994,kyc_completed,2026-06-16
995,registration_completed,2026-08-02
995,kyc_started,2026-08-03
995,kyc_completed,2026-08-04
995,bank_account_linked,2026-08-05
995,first_deposit,2026-08-06
995,first_transaction,2026-08-07
996,registration_completed,2026-05-11
997,registration_completed,2026-06-11
997,kyc_started,2026-06-12
997,kyc_completed,2026-06-13
997,bank_account_linked,2026-06-14
997,first_deposit,2026-06-15
997,first_transaction,2026-06-16
998,registration_completed,2026-06-17
998,kyc_started,2026-06-18
998,kyc_completed,2026-06-19
999,registration_completed,2026-08-02
1000,registration_completed,2026-07-24
1000,kyc_started,2026-07-25
1000,kyc_completed,2026-07-26
1000,bank_account_linked,2026-07-27
1000,first_deposit,2026-07-28
1000,first_transaction,2026-07-29
